movieId,avg_rating,rating_count,quality
1,4.14684641,2077,4.13355817
2,3.20114123,701,3.22646900
3,3.01673640,478,3.07022391
4,2.72941176,170,2.92308283
5,3.00675676,296,3.08982145
6,3.87872340,940,3.86371538
7,3.41048035,458,3.42731934
8,3.01470588,68,3.25490019
9,2.65686275,102,2.96104094
10,3.54054054,888,3.54272732
11,3.79380445,1033,3.78400575
12,2.36250000,160,2.65275344
13,3.26262626,99,3.36965250
14,3.54248366,153,3.55210947
15,2.45890411,146,2.74529705
16,3.79325513,682,3.77879539
17,4.02754491,835,4.00234827
18,3.33757962,157,3.39651315
19,2.48071979,389,2.60610073
20,2.53750000,160,2.78608677
21,3.62389381,1356,3.62238849
22,3.34920635,378,3.37635099
23,2.85714286,126,3.06294445
24,3.17948718,624,3.20931487
25,3.65102041,980,3.64764876
26,3.53000000,100,3.54718815
27,2.93442623,61,3.22592993
28,4.05586592,179,3.95230665
29,4.06203474,403,4.00900270
30,3.64864865,74,3.62159857
31,3.11347518,141,3.23601164
32,3.94573130,1511,3.93406677
33,3.00000000,4,3.53848560
34,3.89149058,1751,3.88288630
35,3.31428571,70,3.42565186
36,3.95797414,928,3.93873029
37,3.50000000,8,3.57031418
38,2.82142857,28,3.30869516
39,3.62334802,1362,3.62186843
40,3.93333333,30,3.71347778
41,3.95867769,242,3.89410350
42,2.86877828,221,3.00028864
43,3.44578313,166,3.47721399
44,2.78778135,311,2.89772361
45,3.42463235,544,3.43784213
46,3.10843373,166,3.21795473
47,4.10642040,1137,4.08431190
48,2.97643979,382,3.04647737
49,3.74074074,27,3.63737951
50,4.51710600,1783,4.49158659
51,3.58156445,0,3.58156445
52,3.64037123,431,3.63425826
53,4.75000000,8,3.74272798
54,2.56097561,41,3.12173871
55,3.06666667,45,3.33766550
56,2.00000000,9,3.34030886
57,3.40404040,99,3.46361223
58,4.09381238,501,4.04732890
59,2.75000000,8,3.46686591
60,3.21288515,357,3.25817745
61,3.00000000,67,3.24853182
62,3.69685767,541,3.68710359
63,2.85585586,111,3.08123120
64,2.26582278,79,2.77580018
65,2.06293706,143,2.45636385
66,1.67010309,97,2.32026002
67,3.25000000,4,3.55700412
68,3.45000000,60,3.50980202
69,3.65517241,319,3.64519844
70,3.15645514,914,3.17850438
71,2.10416667,96,2.61012481
72,3.63440860,93,3.61593163
73,3.81696429,224,3.77400811
74,2.97500000,120,3.15340131
75,1.91666667,12,3.25932617
76,2.85393258,178,3.01350098
77,3.76470588,34,3.65569313
78,3.26000000,50,3.42078223
79,2.60526316,114,2.90291599
80,3.82692308,52,3.70664924
81,3.16265060,166,3.25962140
82,3.87640449,89,3.77034693
83,3.69696970,33,3.62744847
84,3.09523810,21,3.43772145
85,3.40206186,194,3.43884517
86,3.39406780,236,3.42684693
87,2.21052632,76,2.75458907
88,2.94270833,192,3.07470340
89,3.07423581,229,3.16515492
90,3.66666667,6,3.59068255
92,2.34090909,88,2.79042190
93,2.23595506,89,2.71998721
94,3.72527473,182,3.69430268
95,2.87617555,638,2.92743928
96,3.92307692,13,3.65203528
97,3.75000000,44,3.66040662
98,2.00000000,6,3.41211112
99,3.46000000,50,3.52078223
100,3.06250000,128,3.20830462
101,3.86956522,253,3.82204034
102,1.81666667,60,2.61889293
103,3.21212121,33,3.43467738
104,3.52639296,682,3.53016151
105,3.23255814,387,3.27249021
106,3.58333333,12,3.58190682
107,3.14843750,256,3.21920988
108,2.85714286,7,3.49260040
109,3.58156445,0,3.58156445
110,4.23495702,2443,4.22185248
111,4.18387097,1240,4.16052575
112,3.44385965,570,3.45496488
113,2.98113208,53,3.27260410
114,3.09090909,11,3.49308562
115,3.58156445,0,3.58156445
116,4.09756098,41,3.81404640
117,3.63291139,79,3.61300948
118,3.07352941,68,3.28879850
119,2.46153846,13,3.35044798
120,2.66666667,3,3.52977779
121,4.05405405,37,3.78250831
122,2.76804124,194,2.93474681
123,3.86956522,115,3.78229226
124,3.21428571,14,3.50122223
125,3.83333333,318,3.79912561
126,1.98989899,99,2.52401492
127,1.00000000,1,3.53094554
128,4.33333333,12,3.72706811
129,3.30769231,13,3.52505115
130,4.00000000,2,3.59765813
131,3.06250000,16,3.45573065
132,2.49450549,91,2.87998739
133,1.00000000,1,3.53094554
134,4.00000000,2,3.59765813
135,2.81203008,133,3.02228537
136,3.25000000,8,3.53583143
137,3.00000000,13,3.46155909
138,2.50000000,2,3.53996582
139,4.00000000,1,3.58976907
140,3.16546763,139,3.27554615
141,3.54985337,682,3.55201943
142,1.00000000,1,3.53094554
143,3.58156445,0,3.58156445
144,3.39260970,433,3.41217023
145,3.29558011,362,3.33028695
146,2.88888889,18,3.39820916
147,3.54143646,181,3.55012218
148,2.78260870,23,3.32983867
149,3.78723404,47,3.68121879
150,4.07354117,1251,4.05463353
151,3.58844765,554,3.58787785
152,3.00000000,69,3.24435481
153,2.64221364,777,2.69900632
154,3.72619048,168,3.69301937
155,3.41379310,87,3.47502352
156,3.56060606,66,3.56963985
157,2.73262032,187,2.91172246
158,2.98069498,259,3.07792305
159,3.28448276,116,3.37396520
160,2.23893805,565,2.34809467
161,3.72368421,760,3.71491139
162,4.06313646,491,4.01862888
163,3.45740741,540,3.46792919
164,3.56728232,379,3.56894691
165,3.56121212,825,3.56237511
166,2.45901639,61,2.96466867
167,3.60000000,5,3.58324041
168,2.95027624,362,3.02688889
169,2.01769912,113,2.49741241
170,3.14641745,321,3.20506259
171,3.56989247,93,3.57397358
172,2.57641921,458,2.67535083
173,2.30851064,564,2.41217952
174,2.30864198,81,2.79449025
175,3.47727273,220,3.49658601
176,3.91707317,205,3.85128715
177,2.73381295,139,2.95808583
178,3.47368421,19,3.55185830
179,2.20833333,48,2.90896146
180,3.54767184,451,3.55105434
181,1.61290323,93,2.30124631
182,3.14285714,49,3.36442649
183,3.48275862,29,3.54529396
184,3.34615385,26,3.50102925
185,2.86994728,569,2.92742847
186,2.76303318,211,2.91983993
187,3.23809524,105,3.34889176
188,3.22105263,190,3.29615926
189,3.40000000,15,3.53966496
190,3.75000000,100,3.69385482
191,2.46666667,75,2.91262578
192,3.00000000,2,3.55919659
193,2.05069124,217,2.33737162
194,3.75586854,213,3.72273088
195,2.84146341,164,3.01438422
196,2.82363636,550,2.88679704
197,3.05882353,17,3.44892870
198,3.29586777,605,3.31767668
199,3.81196581,117,3.74298337
200,2.41666667,12,3.35610037
201,2.63636364,33,3.20576172
202,2.50000000,30,3.17597778
203,3.05418719,203,3.15841195
204,2.92118227,203,3.05169258
205,3.61176471,85,3.60057943
206,3.67073171,82,3.63695623
207,3.13242009,219,3.21590417
208,2.63133641,651,2.69911301
209,2.46153846,52,3.01057081
210,3.14634146,41,3.38547497
211,3.55882353,34,3.57235979
212,1.92857143,14,3.21997223
213,4.05691057,123,3.91952730
214,4.25000000,28,3.82151568
215,3.80625000,160,3.75275344
216,3.18309859,355,3.23229191
217,2.62500000,64,3.04454581
218,3.12820513,195,3.22072744
219,3.18181818,22,3.45941976
220,1.82142857,28,2.94972080
222,3.54711246,329,3.55165758
223,3.94688385,1412,3.93439003
224,3.39119171,386,3.41302345
225,3.17322835,254,3.24038889
226,2.00000000,1,3.55055339
227,2.67441860,129,2.92781130
228,2.15384615,13,3.28695592
229,3.50000000,108,3.52581154
230,3.45272206,349,3.46886773
231,3.19242424,660,3.21982848
232,4.07514451,346,4.01282379
233,3.61276596,235,3.60729201
234,2.22448980,147,2.56892499
235,3.69687163,927,3.69097055
236,3.30368098,326,3.34063357
237,2.97276265,257,3.07191603
238,2.81250000,32,3.28144174
239,2.87500000,168,3.03705607
240,2.71111111,45,3.16924445
241,3.31034483,29,3.48200282
242,3.50000000,80,3.53137094
243,2.10000000,10,3.33463704
244,1.90000000,10,3.30130371
245,3.00000000,11,3.47669217
246,4.18854749,716,4.14892718
247,3.86582809,477,3.83885811
248,2.91304348,138,3.09084161
249,3.75862069,261,3.73015506
250,2.60000000,30,3.21347778
251,3.27777778,18,3.50115033
252,3.26975477,367,3.30714202
253,3.52439024,738,3.52801805
254,3.07894737,38,3.36452526
255,2.06060606,66,2.71619157
256,2.65137615,218,2.82491874
257,3.22807018,114,3.33584282
258,2.42361111,144,2.72205269
259,2.84313725,102,3.08604094
260,4.45369442,2991,4.43935489
261,3.64912281,285,3.63903947
262,3.87209302,172,3.80665866
263,3.85714286,28,3.68049003
264,3.20000000,5,3.54687678
265,3.93264249,772,3.91128738
266,3.42553191,705,3.43586520
267,2.72857143,140,2.95304328
268,3.37037037,54,3.47190599
269,3.52727273,55,3.55312593
270,3.03797468,79,3.24866839
271,3.14285714,63,3.33697542
272,3.72584856,383,3.70918758
273,2.89754098,244,3.01387151
274,2.37500000,24,3.19024625
275,2.53750000,80,2.93906325
276,2.69298246,228,2.85279936
277,3.18235294,170,3.27308283
278,2.75000000,40,3.21198025
279,3.71739130,46,3.64664815
280,3.57075472,212,3.57281764
281,3.64806867,233,3.63631881
282,3.22325581,215,3.29086122
283,3.00000000,18,3.42762092
284,3.58156445,0,3.58156445
285,3.58156445,0,3.58156445
286,3.00000000,1,3.57016123
287,2.90476190,21,3.38138342
288,3.14428571,700,3.17343763
289,3.34177215,158,3.39941453
290,3.91666667,168,3.83980836
291,2.20833333,48,2.90896146
292,3.26875853,733,3.28873336
293,4.10617551,923,4.07921708
294,3.09523810,42,3.35954590
295,2.75862069,29,3.27947117
296,4.27821281,2171,4.26252959
297,3.10714286,28,3.41125926
298,3.91304348,23,3.68600305
299,3.66433566,143,3.64289235
300,3.75886525,705,3.74712347
301,3.30232558,43,3.45245401
302,3.81395349,86,3.72851634
303,2.97607656,418,3.04076543
304,3.14285714,35,3.40092027
305,2.50393701,127,2.80835154
306,4.22754491,334,4.14343287
307,4.09876543,243,4.01050588
308,3.96534653,202,3.88919930
309,3.68750000,48,3.63345125
310,2.66666667,6,3.48353969
311,3.00000000,1,3.57016123
312,2.43750000,112,2.79060631
313,2.88888889,54,3.22190599
314,3.85000000,300,3.81165206
315,2.65359477,153,2.88215873
316,3.49014337,1116,3.49406366
317,3.19188768,641,3.22008426
318,4.55455770,2227,4.53319202
319,3.89377289,273,3.84544341
320,3.40625000,32,3.51314906
321,3.75409836,61,3.67638038
322,3.71291866,209,3.68756071
324,3.96969697,33,3.73588220
325,2.44897959,49,3.02099215
326,4.34426230,61,4.00070471
327,2.61452514,358,2.73303486
328,3.11111111,144,3.23236197
329,3.37676768,990,3.38661368
330,2.73154362,149,2.94511670
331,3.09523810,21,3.43772145
332,2.54658385,161,2.79183992
333,3.50243902,410,3.51103961
334,3.85964912,114,3.77486721
335,3.48780488,41,3.53932113
336,2.68421053,19,3.33446699
337,3.84126984,693,3.82379303
338,2.88235294,221,3.01135876
339,3.49925706,673,3.50494913
340,3.27380952,84,3.38864345
341,3.83870968,31,3.67997806
342,3.67760618,518,3.66915180
343,2.42857143,42,3.05519807
344,3.14882507,766,3.17534096
345,3.80597015,469,3.78435110
346,3.52500000,120,3.54163660
347,3.17391304,46,3.38623149
348,3.69890110,455,3.68728361
349,3.72615675,1059,3.71963771
350,3.39223301,515,3.40898800
351,3.34241245,257,3.38136229
352,3.13445378,119,3.26673505
353,3.44550409,734,3.45418141
354,3.17910448,67,3.35109592
355,2.35205993,267,2.54598808
356,4.08796718,2194,4.07668370
357,3.74371452,1233,3.73739534
358,3.17021277,141,3.27789645
359,3.21052632,19,3.47939453
360,2.49606299,127,2.80270182
361,3.42164179,268,3.44678686
362,3.36401674,239,3.40165475
363,4.25806452,62,3.95605556
364,3.86083854,1121,3.84891394
365,3.16901408,71,3.33948944
366,2.82071713,251,2.94710373
367,3.27905004,1179,3.29135738
368,3.52369077,802,3.52708712
369,3.31034483,58,3.43590947
370,2.89805825,412,2.97203078
371,3.17924528,212,3.25602375
372,3.15420561,428,3.19890842
373,3.85658915,258,3.81194228
374,2.11475410,183,2.42952027
375,3.29411765,17,3.50863019
376,3.24571429,350,3.28769556
377,3.56545455,1650,3.56592837
378,2.89285714,140,3.07409591
379,2.88990826,436,2.96106630
380,3.63428571,1400,3.63246774
381,3.26066351,211,3.32213878
382,2.93382353,272,3.03440442
383,3.26666667,270,3.31586945
384,2.90000000,40,3.27864692
385,3.40000000,10,3.55130371
386,2.60000000,30,3.21347778
387,2.74509804,102,3.02025146
388,3.63917526,97,3.61957975
389,3.70000000,20,3.61540318
390,3.54237288,59,3.56035067
391,3.27500000,40,3.44531359
392,2.80000000,25,3.32104297
393,1.85714286,105,2.41340789
394,3.66666667,18,3.60409151
395,3.58156445,0,3.58156445
396,4.00000000,1,3.58976907
397,2.41666667,12,3.35610037
398,4.00000000,1,3.58976907
399,3.58156445,0,3.58156445
400,3.58156445,0,3.58156445
401,3.00000000,2,3.55919659
402,3.00000000,1,3.57016123
403,3.58156445,0,3.58156445
404,3.75000000,4,3.59404116
405,2.12315271,203,2.41137637
406,3.62500000,8,3.58755556
407,2.91191710,193,3.04970462
408,3.31944444,72,3.42687068
409,3.02040816,49,3.30382043
410,2.90712743,463,2.97286203
411,2.61538462,13,3.38219401
412,3.55932203,295,3.56254557
413,2.53061224,245,2.70873974
414,2.65555556,90,2.98627302
415,2.48044693,179,2.72086560
416,2.42696629,89,2.84228937
417,3.48557692,208,3.50417916
418,2.51724138,29,3.19086358
419,2.19230769,156,2.52950594
420,2.50568182,352,2.63949807
421,3.36170213,94,3.43804321
422,3.12280702,57,3.33717965
423,3.10859729,221,3.19586060
424,2.60000000,75,2.99262578
425,3.60952381,105,3.60050466
426,3.08178439,269,3.16011982
427,2.36746988,166,2.64851029
428,3.93155894,263,3.87564927
429,2.37967914,187,2.63324145
430,2.41666667,24,3.20375977
431,3.69105691,369,3.67799098
432,2.57908163,392,2.69248467
433,2.79166667,48,3.19467574
434,3.08454810,686,3.11831280
435,2.60600375,533,2.68967105
436,2.65248227,141,2.89569750
437,2.04687500,64,2.71998441
438,2.62500000,152,2.86177338
439,4.50000000,2,3.61688890
440,3.81118143,948,3.79967758
441,3.69362364,643,3.68553856
442,2.99218750,640,3.03489597
443,3.38709677,31,3.50713855
444,2.29629630,81,2.78685666
445,2.61000000,100,2.93385482
446,4.08267717,254,4.00025731
447,2.48387097,31,3.16145954
448,3.60087719,228,3.59740368
449,3.66197183,71,3.62874564
450,3.28070175,228,3.33481375
451,3.15094340,106,3.28896297
452,3.28947368,38,3.45543435
453,3.22388060,67,3.37673695
454,3.54733010,824,3.54928858
455,2.58947368,285,2.73754693
456,4.00000000,93,3.85369386
457,4.10325815,1995,4.09050280
458,3.27586207,87,3.38743228
459,2.83216783,143,3.02631203
460,2.26315789,38,3.01225253
461,3.27906977,86,3.39028105
462,2.64285714,28,3.24459260
463,2.74468085,47,3.17606415
464,2.78240741,216,2.93262490
465,3.31428571,105,3.40050466
466,2.79581152,573,2.85887355
467,3.20370370,54,3.38536753
468,3.27142857,350,3.31019556
469,2.95652174,69,3.21914473
470,1.73684211,38,2.78497980
471,3.63105175,599,3.62723917
472,2.70454545,44,3.17104492
473,2.22516556,151,2.56257822
474,3.82510288,972,3.81318808
475,3.90064103,312,3.85656968
476,2.68571429,35,3.21268497
477,3.46666667,195,3.49011519
478,2.45833333,24,3.21727328
479,2.79699248,133,3.01135641
480,3.76384731,2672,3.76049898
481,3.38095238,294,3.41011111
482,3.52840909,176,3.54016913
483,3.74324324,74,3.67805018
484,2.65517241,29,3.24149649
485,2.50800000,500,2.60559677
486,2.81250000,64,3.14980897
487,2.61290323,62,3.04534127
488,3.38461538,39,3.49526093
489,2.47422680,97,2.85087226
490,3.32432432,185,3.37905627
491,3.31603774,212,3.36671077
492,3.71940299,335,3.70150188
493,3.60738255,298,3.60367305
494,3.34615385,416,3.37141249
495,3.38095238,42,3.48998068
496,3.21621622,37,3.42618647
497,4.00000000,667,3.97082039
498,2.74468085,47,3.17606415
499,2.75510204,49,3.17250730
500,3.42004773,838,3.42914214
501,3.60638298,94,3.59776544
502,1.93548387,155,2.33696694
503,3.69230769,13,3.60441623
504,2.95505618,178,3.09244834
505,2.49275362,69,2.95023717
506,3.49122807,114,3.51876965
507,3.52272727,308,3.53094476
508,3.89483066,561,3.86919513
509,3.67434211,608,3.66729213
510,2.40476190,42,3.04432851
511,3.10526316,152,3.22315952
512,2.87150838,179,3.02654246
513,3.11940299,67,3.31690789
514,3.53179191,346,3.53807632
515,3.91777778,450,3.88415645
516,2.87096774,248,2.99019538
517,3.17539267,382,3.22240329
518,2.45637584,149,2.73908655
519,1.94059406,202,2.26618342
520,2.93048128,374,3.00725996
521,3.36752137,117,3.43160612
522,3.56626506,83,3.57201671
523,3.65811966,117,3.63519894
524,3.61554622,476,3.61231601
525,3.19047619,21,3.46589046
526,2.50000000,8,3.43238315
527,4.51041667,2304,4.49068744
528,2.51470588,68,2.96676460
529,3.97777778,720,3.95204964
530,3.50000000,2,3.57842736
531,3.76923077,338,3.74504697
532,3.04884319,389,3.10951759
533,2.73399015,203,2.90149495
534,3.83566434,286,3.79785185
535,3.81727575,301,3.78369864
536,3.16363636,55,3.36264974
537,3.07729469,207,3.17540164
538,3.82222222,315,3.78925540
539,3.76064909,986,3.75200601
540,2.21893491,169,2.53003755
541,4.27333333,1800,4.25463688
542,2.67475728,206,2.85186806
543,3.38416422,682,3.39764785
544,2.64341085,129,2.90546493
545,2.00000000,1,3.55055339
546,1.87428571,350,2.08769556
547,2.87903226,124,3.08090933
548,2.54744526,137,2.82394771
549,3.82165605,157,3.76366291
550,3.01685393,178,3.14069396
551,3.71787149,996,3.71135585
552,3.24007561,529,3.26956515
553,3.87341772,553,3.84921762
554,2.61538462,26,3.25102925
555,3.92857143,658,3.90406529
556,4.22727273,132,4.04988034
557,4.50000000,2,3.61688890
558,2.70370370,135,2.94096337
559,3.00000000,5,3.52869496
560,3.62500000,8,3.58755556
561,3.61538462,13,3.58854322
562,3.79916318,478,3.77855724
563,3.23529412,17,3.49370482
564,2.26666667,45,2.95871813
565,3.13114754,61,3.33403804
566,2.92307692,13,3.44568607
567,3.57142857,14,3.57934723
568,3.85714286,35,3.69503791
569,2.93000000,100,3.14718815
570,3.21739130,23,3.46682497
571,3.58823529,34,3.58426456
572,3.00000000,2,3.55919659
573,3.52380952,21,3.56448201
574,3.44571429,175,3.47590321
575,2.82242991,107,3.06419250
576,3.00000000,1,3.57016123
577,2.96363636,55,3.25788783
578,4.50000000,2,3.61688890
579,2.00000000,1,3.55055339
580,3.24193548,62,3.39355556
581,4.04964539,141,3.92711111
582,3.00000000,2,3.55919659
583,3.67857143,28,3.61638747
584,4.00000000,1,3.58976907
585,2.90669856,418,2.97879962
586,3.13481481,675,3.16562513
587,3.49644128,1124,3.50006663
588,3.78830496,1351,3.78092664
589,4.05851265,2649,4.04967700
590,3.91523088,1451,3.90411607
591,2.00000000,2,3.52073505
592,3.60097834,1431,3.60032291
593,4.35182312,2578,4.33716827
594,3.84534731,763,3.82912451
595,3.88584906,1060,3.87214254
596,3.75100402,498,3.73554420
597,3.64149140,1046,3.63875750
598,4.25000000,8,3.67376246
599,4.08712121,264,4.00661854
600,3.00000000,30,3.36347778
601,3.00000000,1,3.57016123
602,4.12195122,41,3.82503541
603,3.00000000,58,3.26924280
604,3.58156445,0,3.58156445
605,3.31415929,226,3.36260226
606,2.22580645,93,2.69984771
607,2.00000000,2,3.52073505
608,4.25467569,2513,4.24154437
609,2.77611940,67,3.12032669
610,3.54692557,618,3.54951830
611,2.47222222,216,2.68074520
612,2.40506329,79,2.86107149
613,3.63414634,82,3.61422896
614,2.66666667,9,3.44200377
615,4.04477612,67,3.84682242
616,3.35251799,278,3.38743361
617,3.64705882,17,3.59818243
618,2.11111111,9,3.35725801
619,2.59375000,32,3.19607589
620,3.58156445,0,3.58156445
621,3.71428571,42,3.64215459
623,3.00000000,3,3.54864571
624,4.00000000,1,3.58976907
625,3.58156445,0,3.58156445
626,2.26315789,19,3.21852497
627,3.60330579,121,3.59694867
628,3.89690722,485,3.86743593
629,3.58156445,0,3.58156445
630,2.85714286,7,3.49260040
631,2.08000000,75,2.68062578
632,4.00000000,13,3.66790830
633,3.60000000,20,3.58683175
634,1.66666667,3,3.47317401
635,3.62337662,77,3.60691514
636,3.58156445,0,3.58156445
637,2.54285714,140,2.81620117
638,3.21052632,19,3.47939453
639,2.61538462,78,2.99279861
640,2.67605634,71,3.05023325
641,1.00000000,1,3.53094554
642,2.00000000,1,3.55055339
643,2.00000000,3,3.49204194
644,2.00000000,1,3.55055339
645,3.60000000,20,3.58683175
647,3.55328798,441,3.55616746
648,3.43287492,1527,3.43758923
649,4.18750000,16,3.72845792
650,3.47191011,89,3.51135412
651,2.00000000,1,3.55055339
652,2.88888889,9,3.47590208
653,3.22549020,612,3.25238402
654,3.58156445,0,3.58156445
655,1.00000000,1,3.53094554
656,2.56410256,39,3.13571037
657,3.00000000,2,3.55919659
658,3.00000000,1,3.57016123
659,3.72000000,25,3.62770964
660,1.50000000,2,3.50150428
661,3.46476190,525,3.47491865
662,2.98437500,128,3.15212485
663,3.41666667,264,3.44292428
664,3.00000000,8,3.50134867
665,3.65714286,35,3.61268497
666,3.33333333,3,3.56751363
667,2.04255319,47,2.83585797
668,4.40425532,47,3.98018786
669,4.17391304,23,3.76819483
670,4.41071429,56,4.01960587
671,3.67982456,456,3.67011506
672,2.00000000,2,3.52073505
673,2.61989343,563,2.69833315
674,3.01554404,386,3.08045464
675,3.58156445,0,3.58156445
676,3.58156445,0,3.58156445
678,4.24509804,306,4.15190512
679,3.50000000,2,3.57842736
680,3.35937500,64,3.45682651
681,3.93333333,15,3.66274189
682,3.50000000,4,3.57552264
683,3.58156445,0,3.58156445
684,1.00000000,1,3.53094554
685,3.30000000,30,3.47597778
687,3.00000000,3,3.54864571
688,2.27699531,213,2.52501225
690,2.00000000,2,3.52073505
691,3.09917355,121,3.24022352
692,2.11320755,106,2.58383476
693,3.58156445,0,3.58156445
694,2.64539007,141,2.89046190
695,3.17777778,135,3.28690931
696,3.25000000,4,3.55700412
697,2.55294118,85,2.93391276
698,2.20000000,5,3.45596768
699,3.58156445,0,3.58156445
700,3.32413793,145,3.39014473
701,4.00000000,1,3.58976907
702,3.66666667,27,3.61140549
703,1.60000000,10,3.25130371
704,2.30952381,42,3.00085025
705,3.83333333,36,3.68695608
706,2.50000000,2,3.53996582
707,3.08727273,275,3.16331761
708,3.43446244,679,3.44455175
709,3.04166667,144,3.18081558
710,2.33333333,51,2.95126953
711,2.50000000,62,2.98284127
712,3.50000000,2,3.57842736
713,3.58156445,0,3.58156445
714,3.88888889,153,3.81319322
715,3.61538462,52,3.59880610
716,2.67857143,28,3.25741311
717,4.00000000,1,3.58976907
718,3.48484848,33,3.54311112
719,2.86192469,239,2.98642984
720,4.42694064,438,4.34032423
721,3.58156445,0,3.58156445
722,3.81481481,27,3.66335354
723,3.58156445,0,3.58156445
724,3.08653846,416,3.13965284
725,2.79120879,91,3.07147676
726,3.00000000,9,3.49285123
727,3.58156445,0,3.58156445
728,3.76497696,217,3.73063005
729,3.66666667,3,3.58638156
730,1.00000000,1,3.53094554
731,2.85106383,47,3.22761054
732,2.83333333,6,3.50139683
733,3.72313433,1340,3.71804189
734,3.00000000,3,3.54864571
735,3.35643564,101,3.43098161
736,3.17387387,1110,3.19144674
737,2.03000000,300,2.25165206
738,3.58156445,0,3.58156445
739,3.58156445,0,3.58156445
741,4.08917197,314,4.01944567
742,2.52873563,174,2.76374207
743,2.57009346,107,2.89221798
744,2.00000000,3,3.49204194
745,4.52054795,657,4.45414176
746,4.00000000,31,3.74170645
747,2.00000000,55,2.75312593
748,3.15107914,417,3.19716964
749,2.75000000,4,3.51996709
750,4.44989027,1367,4.41925069
751,3.53333333,15,3.57043419
752,3.58156445,0,3.58156445
753,3.15625000,32,3.41558808
754,2.92307692,13,3.44568607
755,3.77777778,9,3.61149530
756,3.00000000,4,3.53848560
757,3.75000000,4,3.59404116
758,4.00000000,1,3.58976907
759,4.10169492,59,3.86310296
760,3.51515152,33,3.55515931
761,2.78861789,123,3.01779319
762,2.18456376,298,2.38528225
763,3.00000000,1,3.57016123
764,3.27027027,74,3.39579212
765,2.63157895,171,2.84650779
766,3.57000000,100,3.57385482
767,3.20833333,24,3.46051652
768,3.58156445,0,3.58156445
769,3.25000000,12,3.51739069
770,3.58156445,0,3.58156445
771,3.77777778,18,3.63350327
772,3.58156445,0,3.58156445
773,3.58156445,0,3.58156445
774,4.00000000,1,3.58976907
775,3.22222222,9,3.52674954
776,3.00000000,4,3.53848560
777,3.58156445,0,3.58156445
778,3.96005326,751,3.93642724
779,2.69230769,52,3.12821787
780,3.51040462,1730,3.51240350
781,3.37864078,103,3.44495570
782,2.55172414,145,2.81578576
783,3.22307692,390,3.26381414
784,2.72987013,385,2.82776603
785,3.47843137,765,3.48475856
786,3.12391304,460,3.16878083
787,5.00000000,3,3.66185326
788,2.99578059,948,3.02512848
789,3.00000000,2,3.55919659
790,3.00000000,1,3.57016123
791,3.50000000,2,3.57842736
792,4.00000000,1,3.58976907
793,2.60000000,10,3.41797038
794,3.58156445,0,3.58156445
795,3.58156445,0,3.58156445
796,3.33333333,3,3.56751363
797,3.58156445,0,3.58156445
798,2.70588235,204,2.87826072
799,3.34911243,338,3.37906758
800,4.08253968,630,4.04570327
801,3.09917355,121,3.24022352
802,3.49648712,427,3.50540508
803,3.68421053,57,3.63624507
804,2.97854077,233,3.08508206
805,3.59011628,344,3.58903102
806,3.16666667,60,3.35525657
807,3.00000000,14,3.45434723
808,3.39534884,43,3.49546476
809,2.57142857,105,2.89727886
810,1.46666667,120,2.08869543
811,3.88888889,9,3.62844445
812,3.58156445,0,3.58156445
813,2.51063830,47,3.06266209
814,3.00000000,1,3.57016123
815,2.00000000,6,3.41211112
816,3.58156445,0,3.58156445
818,2.56084656,189,2.77438587
819,3.58156445,0,3.58156445
820,3.25000000,4,3.55700412
821,2.00000000,2,3.52073505
822,3.58156445,0,3.58156445
823,3.25000000,4,3.55700412
824,3.92857143,28,3.70613106
825,3.58156445,0,3.58156445
826,1.00000000,1,3.53094554
827,3.00000000,2,3.55919659
828,2.90740741,54,3.23152137
829,2.29007634,131,2.64684101
830,2.95254237,295,3.04370499
831,3.85000000,20,3.65826032
832,3.47872340,564,3.48709808
833,2.17948718,78,2.72717361
834,2.00000000,4,3.46441153
835,3.12621359,103,3.27502106
836,2.65400844,237,2.81560356
837,3.47706422,218,3.49656053
838,3.88023952,501,3.85313652
839,2.21481481,135,2.58420661
840,2.56000000,50,3.07078223
841,3.40000000,25,3.52104297
842,2.58940397,151,2.83621006
843,1.00000000,1,3.53094554
844,3.57142857,7,3.58031970
845,3.58156445,0,3.58156445
846,3.73684211,38,3.64861617
847,1.85714286,7,3.36979338
848,3.43589744,156,3.47125351
849,2.51076321,511,2.60620004
850,3.66666667,30,3.61347778
851,3.49606299,127,3.52021595
852,3.22113821,615,3.24823793
853,4.00000000,3,3.60524948
854,3.62500000,8,3.58755556
855,3.58156445,0,3.58156445
856,3.58156445,0,3.58156445
857,3.58156445,0,3.58156445
858,4.52496626,2223,4.50421391
859,2.00000000,1,3.55055339
860,3.60000000,10,3.58463704
861,3.51282051,273,3.52346199
862,3.64516129,31,3.60590398
863,3.50000000,10,3.56797038
864,3.58333333,12,3.58190682
865,2.00000000,1,3.55055339
866,3.82342657,572,3.80398428
867,2.20833333,24,3.13619220
868,3.00000000,1,3.57016123
869,3.09523810,42,3.35954590
870,2.18367347,49,2.88967902
871,3.58156445,0,3.58156445
872,3.00000000,1,3.57016123
873,3.58156445,0,3.58156445
874,3.12500000,8,3.51859005
875,3.38636364,44,3.49019386
876,2.85714286,21,3.36729891
877,3.29166667,24,3.48754355
878,4.00000000,1,3.58976907
879,2.82700422,237,2.95846071
880,2.20061728,324,2.38523589
881,2.62337662,77,3.00061593
882,2.71186441,59,3.11080938
884,3.00000000,2,3.55919659
885,2.58139535,43,3.11912067
886,2.94230769,104,3.14985859
887,2.50000000,2,3.53996582
888,2.20833333,48,2.90896146
889,2.50000000,2,3.53996582
890,3.58156445,0,3.58156445
891,2.36065574,183,2.62265332
892,3.86184211,152,3.79246645
893,3.69565217,69,3.64771616
894,3.58156445,0,3.58156445
895,1.00000000,2,3.48227351
896,3.43137255,51,3.50572498
897,3.75510204,98,3.69647448
898,4.30068729,582,4.24379466
899,4.28362184,751,4.23979803
900,3.85131195,343,3.81699293
901,3.64367816,174,3.62981349
902,3.90828402,676,3.88578268
903,4.27292818,905,4.23673112
904,4.47619048,1050,4.43552566
905,4.28074866,374,4.19829769
906,4.09625668,187,3.98767183
907,3.92380952,105,3.81340789
908,4.38403042,1315,4.35463606
909,4.12709832,417,4.06868998
910,4.30048077,832,4.25972588
911,4.18300654,306,4.09853433
912,4.41282205,1669,4.38864353
913,4.39597315,1043,4.35871750
914,4.15408805,636,4.11235893
915,3.96438356,365,3.91826078
916,4.21647059,425,4.14963836
917,3.67532468,77,3.63841120
918,3.79365079,189,3.74928127
919,4.24796275,1718,4.22911664
920,3.99740484,1156,3.98016436
921,3.89403974,302,3.84965404
922,4.49148936,470,4.40399658
923,4.38888889,1116,4.35426949
924,4.06876457,1716,4.05497068
925,3.25000000,12,3.51739069
926,4.25558313,403,4.18118813
927,3.97619048,84,3.82894196
928,4.20466321,386,4.13320693
929,3.78494624,93,3.71383372
930,4.29438202,445,4.22238025
931,3.91262136,206,3.84796181
932,3.95238095,189,3.87480428
933,4.10158014,443,4.04884021
934,3.65789474,304,3.64711362
935,3.63380282,71,3.61221672
936,4.07575758,132,3.93999023
937,3.75000000,44,3.66040662
938,3.62032086,187,3.61214440
939,3.18181818,11,3.50947906
940,3.97354497,378,3.92775286
941,3.70476190,105,3.66502079
942,4.20205479,292,4.11133983
943,3.98245614,171,3.89175666
944,3.79381443,97,3.72162056
945,4.14741036,251,4.05341602
946,3.85093168,161,3.78710058
947,4.10638298,188,3.99612699
948,3.75384615,130,3.70599013
949,3.97674419,215,3.90218197
950,4.23972603,292,4.14350358
951,4.24937028,397,4.17467164
952,3.60223048,269,3.59899129
953,4.29903978,729,4.25298873
954,4.24020888,383,4.16415294
955,4.16949153,413,4.10600048
956,3.55000000,40,3.56753581
957,3.24324324,37,3.43768072
958,3.38461538,13,3.54092417
959,3.74137931,58,3.66739095
960,3.45000000,20,3.54397461
961,3.47826087,23,3.54901675
962,3.54545455,11,3.57505283
963,3.57407407,54,3.57767522
964,3.39215686,51,3.48592300
965,4.07509881,253,3.99365750
966,4.00000000,6,3.62639683
967,3.26086957,23,3.48052360
968,3.67132867,715,3.66546173
969,4.25165563,1057,4.22138954
970,3.40540541,37,3.50664624
971,4.04797048,271,3.97532157
972,3.16666667,6,3.53711112
973,3.91463415,82,3.78847138
974,3.75000000,16,3.62239731
975,1.50000000,2,3.50150428
976,3.57142857,56,3.57620965
977,2.00000000,2,3.52073505
978,3.94000000,100,3.82052148
979,3.58156445,0,3.58156445
980,2.80000000,5,3.51051314
981,2.75000000,4,3.51996709
982,3.67901235,81,3.64181849
983,3.58156445,0,3.58156445
984,2.66666667,33,3.21780991
985,3.75000000,4,3.59404116
986,3.60344828,232,3.59956817
987,2.90000000,40,3.27864692
988,3.37681159,69,3.46284221
989,5.00000000,1,3.60937691
990,2.57407407,54,3.05844445
991,3.52352941,170,3.53671919
992,2.60000000,20,3.30111747
993,3.11111111,9,3.50980038
994,4.09555556,450,4.04415645
996,2.90625000,256,3.01659550
997,3.35714286,28,3.50100285
998,3.01075269,93,3.21033722
999,3.28321678,286,3.32761376
1000,3.05000000,20,3.42968890
1001,3.58156445,0,3.58156445
1002,4.25000000,8,3.67376246
1003,2.94214876,121,3.12911241
1004,2.66336634,101,2.96740545
1005,2.37323944,142,2.68790741
1006,3.08974359,78,3.28186111
1007,2.97844828,232,3.08538377
1008,3.32989691,97,3.41549811
1009,3.18556701,291,3.24363115
1010,3.26859504,242,3.32218569
1011,2.72592593,135,2.95717958
1012,3.70431894,301,3.68683254
1013,3.56589147,258,3.56843579
1014,3.40441176,136,3.45203346
1015,3.34615385,234,3.38759938
1016,3.21794872,156,3.30620496
1017,3.58695652,276,3.58612952
1018,3.25203252,123,3.34727296
1019,3.70260870,575,3.69292516
1020,3.23979592,392,3.27845752
1021,2.76923077,247,2.90598728
1022,3.75563258,577,3.74175155
1023,3.98642534,221,3.91172776
1024,3.24603175,126,3.34135354
1025,3.61092150,293,3.60664205
1026,3.62500000,8,3.58755556
1027,3.16279070,344,3.21593458
1028,3.89416419,1011,3.87943282
1029,3.68838028,568,3.67973822
1030,3.07739938,323,3.14498183
1031,3.47962382,319,3.49343692
1032,3.69714286,525,3.68709256
1033,3.44947735,287,3.46907484
1034,3.64497041,169,3.63049417
1035,3.93197279,882,3.91317406
1036,4.12184874,1666,4.10610619
1037,2.66016260,615,2.72944094
1038,3.27272727,11,3.52587250
1039,3.66666667,3,3.58638156
1040,3.00000000,5,3.52869496
1041,4.03797468,474,3.99442409
1042,3.48106061,528,3.48975471
1043,2.84259259,108,3.07644445
1044,3.28571429,35,3.45974380
1045,3.58156445,0,3.58156445
1046,4.06666667,90,3.89341588
1047,3.48387097,434,3.49396327
1049,3.32815965,451,3.35344955
1050,3.82191781,146,3.76060318
1051,3.41836735,98,3.47350150
1052,3.58156445,0,3.58156445
1053,2.91428571,35,3.30680262
1054,3.30864198,81,3.41281086
1055,2.73684211,19,3.34895975
1056,3.54000000,50,3.56078223
1057,3.55839416,274,3.56196982
1058,3.27272727,11,3.52587250
1059,3.40083507,479,3.41791725
1060,3.94147583,786,3.91995003
1061,3.55080214,374,3.55442977
1062,2.50000000,2,3.53996582
1063,3.15384615,26,3.43523977
1064,2.89473684,209,3.02732904
1065,3.58156445,0,3.58156445
1066,4.16571429,175,4.03590321
1067,3.78260870,23,3.64490716
1068,3.68571429,35,3.62444968
1069,3.92727273,110,3.81923889
1070,3.00000000,2,3.55919659
1071,3.40000000,5,3.56505859
1073,3.86138614,1313,3.85112122
1075,3.58156445,0,3.58156445
1076,4.00000000,23,3.71340031
1077,3.97983871,744,3.95475847
1078,3.83602151,372,3.80587257
1079,3.97134238,1326,3.95717894
1080,4.01835853,926,3.99598179
1081,3.61751152,434,3.61379798
1082,3.70129870,154,3.67195207
1083,3.53048780,164,3.54242160
1084,4.09620991,686,4.06124759
1085,3.77862595,131,3.72418908
1086,4.07915567,379,4.02116136
1087,3.44444444,18,3.54526798
1088,3.31149927,687,3.32982120
1089,4.13582208,1259,4.11465105
1090,4.09011374,1143,4.06879985
1091,2.79356568,373,2.88670975
1092,3.54194407,751,3.54441726
1093,3.40735294,680,3.41928524
1094,3.73148902,1229,3.72562801
1095,3.88441331,571,3.86002934
1096,3.97674419,344,3.92659447
1097,3.96518290,2269,3.95691170
1098,2.40000000,5,3.47414950
1099,3.98969072,194,3.90605829
1100,2.80714286,420,2.88952813
1101,3.68613861,1010,3.68120587
1102,2.00000000,4,3.46441153
1103,3.92288557,402,3.88512881
1104,4.22567288,483,4.16524995
1105,1.78571429,42,2.76171981
1106,3.58156445,0,3.58156445
1107,2.00000000,3,3.49204194
1108,3.58156445,0,3.58156445
1109,3.58156445,0,3.58156445
1110,3.58156445,0,3.58156445
1111,4.09574468,94,3.91720988
1112,3.42857143,35,3.51856733
1113,3.00000000,50,3.29078223
1114,2.87096774,31,3.30960769
1115,1.00000000,1,3.53094554
1116,3.41176471,17,3.53848094
1117,4.25000000,12,3.71093908
1118,2.00000000,1,3.55055339
1119,3.20588235,34,3.42950265
1120,3.58333333,456,3.58315854
1121,3.07692308,13,3.47743211
1122,3.58156445,0,3.58156445
1123,3.72727273,33,3.63949666
1124,3.74074074,405,3.72324884
1125,3.77922078,385,3.75650166
1126,2.37223975,317,2.53699788
1127,3.68396501,1715,3.68106415
1128,2.92352941,170,3.07308283
1129,3.46493213,884,3.47117583
1130,3.25974026,231,3.31700435
1131,4.32407407,216,4.18450460
1132,4.25909091,220,4.13362305
1133,2.00000000,2,3.52073505
1134,3.00000000,2,3.55919659
1135,3.18918919,407,3.23211865
1136,4.33520951,1599,4.31235793
1137,3.58156445,0,3.58156445
1138,3.85714286,7,3.61540741
1139,4.00000000,2,3.59765813
1140,3.58156445,0,3.58156445
1141,3.58156445,0,3.58156445
1142,1.00000000,2,3.48227351
1143,3.58156445,0,3.58156445
1144,3.75000000,16,3.62239731
1145,2.50000000,2,3.53996582
1146,3.58156445,0,3.58156445
1147,4.32129964,277,4.20819028
1148,4.50793651,882,4.45823844
1149,3.50000000,4,3.57552264
1150,3.93037975,158,3.84652992
1151,3.48387097,31,3.54417559
1152,3.48275862,29,3.54529396
1153,3.42857143,14,3.54809723
1154,3.73333333,15,3.61658804
1155,3.58156445,0,3.58156445
1156,3.58156445,0,3.58156445
1157,3.58156445,0,3.58156445
1158,3.58156445,0,3.58156445
1159,3.58156445,0,3.58156445
1160,2.16666667,6,3.42996826
1161,3.94680851,94,3.81998766
1162,3.90625000,96,3.79505632
1163,2.94736842,19,3.40693076
1164,3.60000000,5,3.58324041
1165,1.00000000,1,3.53094554
1166,3.58156445,0,3.58156445
1167,2.89361702,94,3.13248766
1168,2.05555556,18,3.17762092
1169,3.72222222,36,3.64044445
1170,1.64705882,17,3.09071974
1171,3.73493976,415,3.71844779
1172,4.28780488,615,4.23470409
1173,3.34848485,198,3.39547670
1174,3.80000000,5,3.60142223
1175,4.00271739,368,3.95234025
1176,3.93798450,129,3.83842582
1177,3.99319728,147,3.88872194
1178,4.47391304,230,4.31456508
1179,3.78870056,885,3.77762377
1180,3.84000000,50,3.71078223
1181,2.90000000,10,3.46797038
1183,3.60970677,989,3.60835248
1184,3.80219780,91,3.72395903
1185,3.95805740,453,3.92063265
1186,3.61387900,562,3.61123893
1187,3.65986395,147,3.63999098
1188,3.95118343,676,3.92572758
1189,4.25278810,269,4.14758064
1190,3.50757576,132,3.52790232
1191,3.06220096,209,3.16246418
1192,4.02857143,105,3.88437563
1193,4.39072464,1725,4.36793139
1194,3.47641509,212,3.49648177
1196,4.29297659,2990,4.28127573
1197,4.30371009,2318,4.28846209
1198,4.47772474,2514,4.46024892
1199,4.09748083,913,4.07069390
1200,4.12582418,1820,4.11127178
1201,4.13381995,822,4.10215393
1202,3.61111111,72,3.59900183
1203,4.29545455,616,4.24185919
1204,4.40192539,831,4.35536688
1205,3.38095238,231,3.41664848
1206,4.07811229,1229,4.05870072
1207,4.42564655,928,4.38249307
1208,4.24319728,1176,4.21621388
1209,4.02312139,173,3.92411759
1210,4.02289282,2883,4.01536932
1211,4.11157025,242,4.02081583
1212,4.45208333,480,4.36995891
1213,4.27519614,1657,4.25487887
1214,4.15958498,2024,4.14565006
1215,3.80423280,945,3.79304344
1216,3.65517241,87,3.62830819
1217,4.26890756,357,4.18446738
1218,4.19672131,244,4.09210280
1219,4.21852732,1263,4.19427130
1220,3.93959732,1341,3.92672769
1221,4.35756501,1692,4.33529175
1222,4.11084530,1254,4.09055078
1223,4.36152220,473,4.28695645
1224,4.28638498,426,4.21234921
1225,4.25180897,1382,4.22840658
1226,4.05309735,226,3.96767472
1227,3.86307054,241,3.81470180
1228,4.18759232,677,4.14591227
1230,4.14167916,1334,4.12144380
1231,4.08000000,750,4.04884778
1232,3.63461538,52,3.60861003
1233,4.30269730,1001,4.26839032
1234,4.32030505,1049,4.28669538
1235,4.16499283,697,4.12594140
1236,4.18888889,90,3.97198730
1237,4.23076923,299,4.13775995
1238,4.00000000,351,3.94782599
1240,4.15204957,2098,4.13877012
1241,3.35714286,70,3.45065186
1242,4.19334532,1112,4.16702085
1243,3.98461538,325,3.93087526
1244,4.08217270,718,4.04958102
1245,4.00558659,358,3.95362309
1246,4.00584795,855,3.98240688
1247,4.24583664,1261,4.22050208
1248,4.21595331,514,4.15971316
1249,4.00545703,733,3.97838853
1250,4.38699360,938,4.34623302
1251,4.10526316,228,4.01107274
1252,4.33924051,1185,4.30856536
1253,4.14132379,559,4.09536654
1254,4.28918322,453,4.21884338
1255,3.40740741,54,3.49113676
1256,4.21043771,594,4.16161215
1257,3.92161017,472,3.88903874
1258,4.10487580,1087,4.08186299
1259,4.09691877,1785,4.08287642
1260,4.30194805,308,4.20133582
1261,3.82664234,548,3.80615087
1262,4.37643678,696,4.32316116
1263,4.11000000,700,4.07477096
1264,4.05447471,257,3.97745349
1265,3.95302897,2278,3.94505078
1266,4.09027081,997,4.06597729
1267,4.33333333,765,4.28721254
1268,3.48580442,317,3.49885074
1269,4.16815476,672,4.12753216
1270,3.99032133,2583,3.98255914
1271,3.80607083,593,3.78861310
1272,4.26666667,645,4.21737874
1273,3.96575342,146,3.86774603
1274,3.93362832,452,3.89856220
1275,3.84615385,741,3.82942885
1276,4.25376344,930,4.21946757
1277,3.88429752,363,3.84764703
1278,4.25062867,1193,4.22371538
1279,3.74742268,194,3.71343534
1280,4.17328520,277,4.08280802
1281,4.03240741,216,3.94766249
1282,3.90455992,943,3.88829630
1283,4.17866005,403,4.11275546
1284,4.31238447,541,4.25055537
1285,3.81569116,803,3.80196744
1286,3.58596491,285,3.58530813
1287,4.11079545,704,4.07570056
1288,4.17978533,1118,4.15417656
1289,3.97252747,182,3.88826820
1290,3.59130435,230,3.58956508
1291,4.13329238,1628,4.11685234
1292,4.01353638,591,3.97984122
1293,4.14157973,671,4.10274372
1294,4.12465878,1099,4.10102543
1295,3.56766917,266,3.56986779
1296,3.99642857,560,3.96242332
1297,3.70814480,442,3.69528094
1298,3.64082687,387,3.63404628
1299,4.24863388,732,4.20598238
1300,4.14545455,330,4.07125848
1301,3.97587131,373,3.92926294
1302,3.91145833,768,3.89129367
1303,4.12903226,310,4.05299506
1304,4.21564482,1419,4.19406278
1305,3.79338843,121,3.73145159
1306,3.60294118,136,3.59719475
1307,4.07334184,1568,4.05814476
1308,3.58156445,0,3.58156445
1309,3.58156445,0,3.58156445
1310,3.55813953,43,3.57073358
1311,1.00000000,7,3.26453022
1312,3.24137931,29,3.45668636
1313,2.15384615,13,3.28695592
1314,3.58156445,0,3.58156445
1315,2.33333333,3,3.51090986
1316,4.00000000,1,3.58976907
1317,3.17500000,40,3.40086914
1318,3.58156445,0,3.58156445
1319,3.58156445,0,3.58156445
1320,3.03783784,925,3.06572125
1321,3.75227687,549,3.73802708
1322,1.71875000,32,2.85461247
1323,1.37209302,43,2.55998089
1324,1.68181818,22,3.00108643
1325,1.65217391,23,2.97367428
1326,2.10714286,56,2.80262474
1327,2.93802817,355,3.01747709
1328,1.84000000,25,3.00104297
1329,2.66666667,36,3.19858398
1330,3.00000000,116,3.17517002
1331,3.18000000,50,3.38078223
1332,2.91176471,102,3.13209357
1333,3.88267394,733,3.86344601
1334,3.13609467,338,3.19350057
1335,1.71428571,21,3.02927074
1336,2.23636364,55,2.87693545
1337,3.56250000,64,3.57086160
1339,3.34375000,672,3.36021914
1340,3.91203704,216,3.84991813
1341,2.84905660,53,3.20464294
1342,2.90458015,262,3.01307123
1343,3.67103348,687,3.66496367
1344,3.92243767,361,3.88096891
1345,3.60493827,567,3.60304412
1346,3.18390805,174,3.27267064
1347,3.48558758,451,3.49516611
1348,3.99159664,238,3.92041050
1349,3.07142857,14,3.46997223
1350,3.62347188,409,3.61890680
1351,3.40000000,35,3.50680262
1352,2.85106383,94,3.10470988
1353,3.08510638,188,3.18940430
1354,3.82397004,267,3.78573572
1355,2.96103896,77,3.20534034
1356,3.70916031,1310,3.70446928
1357,3.80656934,548,3.78775623
1358,4.20815633,1177,4.18262284
1359,2.47747748,222,2.68043464
1360,3.50000000,2,3.57842736
1361,4.21383648,159,4.06257523
1362,4.03000000,100,3.88052148
1363,2.97321429,112,3.16097668
1364,3.50000000,2,3.57842736
1365,3.84482759,58,3.72294651
1366,3.18518519,108,3.31062166
1367,3.04670330,364,3.11130005
1368,3.58156445,0,3.58156445
1369,3.80000000,5,3.60142223
1370,3.54185022,1135,3.54352593
1371,3.13636364,792,3.16280074
1372,3.40959041,1001,3.41777186
1373,2.74877651,613,2.81158103
1374,3.88052486,1448,3.87054621
1375,3.35382956,927,3.36548436
1376,3.65630551,1126,3.65312774
1377,2.97672163,1031,3.00469771
1378,3.41814947,562,3.43150036
1379,2.90785908,369,2.98825351
1380,3.57772338,817,3.57794489
1381,1.96369637,303,2.19285615
1382,2.77952756,127,3.00609165
1383,1.54545455,11,3.21439709
1384,3.83333333,6,3.60853969
1385,3.26898048,461,3.29956599
1386,1.00000000,1,3.53094554
1387,4.08956983,1697,4.07503047
1388,2.58918919,370,2.70732910
1389,1.85238095,210,2.18491624
1390,3.19834711,121,3.31039896
1391,2.90037244,1074,2.93067458
1392,3.73972603,219,3.71032797
1393,3.75905395,1353,3.75272860
1394,4.02092050,1434,4.00611740
1395,3.32542373,295,3.36254557
1396,3.72777269,1091,3.72136566
1397,3.65079365,63,3.62016126
1398,3.19047619,63,3.36352409
1399,3.20192308,104,3.32518326
1400,3.58156445,0,3.58156445
1401,3.50617284,162,3.52395388
1404,3.14473684,76,3.31808113
1405,3.04000000,475,3.09157757
1406,3.45833333,24,3.54159760
1407,3.57562077,886,3.57593827
1408,3.81333333,975,3.80202753
1409,3.05357143,392,3.11329915
1410,2.86666667,90,3.12198730
1411,3.95811518,382,3.91453292
1412,3.90000000,20,3.67254604
1413,3.38000000,50,3.48078223
1414,3.59523810,168,3.59210194
1415,3.55555556,36,3.57067701
1416,3.25531915,282,3.30445248
1417,2.76744186,43,3.20514218
1419,3.96323529,136,3.86063561
1420,4.00000000,7,3.63295127
1421,3.04545455,22,3.41775309
1422,3.02491103,281,3.10899765
1423,4.35714286,14,3.75122223
1424,3.58156445,0,3.58156445
1425,3.29166667,168,3.35815698
1426,2.52173913,23,3.24764689
1427,2.29411765,51,2.93146755
1428,3.25000000,52,3.41253159
1429,3.30639731,297,3.34604675
1430,1.00000000,1,3.53094554
1431,2.54741379,232,2.73077384
1432,2.77000000,100,3.04052148
1433,1.80000000,5,3.41960405
1434,4.00000000,2,3.59765813
1436,2.88888889,9,3.47590208
1437,3.09523810,21,3.43772145
1438,2.81619938,321,2.91934831
1439,2.34782609,46,2.99039815
1440,2.76543210,81,3.07693300
1441,3.44490644,481,3.45777443
1442,3.09859155,71,3.29816713
1443,3.58156445,0,3.58156445
1444,3.37500000,8,3.55307280
1445,2.17307692,156,2.51494283
1446,4.05291005,189,3.95430219
1447,3.36734694,49,3.47553760
1448,3.58156445,0,3.58156445
1449,4.14718615,462,4.09194965
1450,3.78571429,14,3.62622223
1453,2.43243243,148,2.72261729
1454,3.15853659,82,3.31877441
1455,2.77272727,22,3.33441976
1456,2.35937500,64,2.89542301
1457,3.10902256,266,3.18379184
1458,2.83333333,24,3.33889490
1459,3.35789474,380,3.38390284
1460,2.68085106,94,2.99359877
1461,2.57407407,216,2.76345196
1462,3.58156445,0,3.58156445
1463,3.02941176,34,3.35807408
1464,3.35172414,145,3.41065755
1465,3.49206349,126,3.51748990
1466,3.79554937,719,3.78163618
1467,3.58156445,0,3.58156445
1468,2.56250000,144,2.82514548
1470,4.00000000,1,3.58976907
1471,3.40000000,5,3.56505859
1472,3.25000000,48,3.41916554
1473,2.82500000,40,3.24531359
1474,2.33561644,146,2.65346032
1475,3.14814815,81,3.31357422
1476,3.48697395,499,3.49558875
1477,3.44444444,27,3.53348341
1479,3.19715808,563,3.22851260
1480,3.27924528,265,3.32723245
1482,3.33333333,63,3.44317011
1483,2.75886525,141,2.97423153
1484,3.70161290,124,3.66711622
1485,3.50000000,666,3.50569584
1486,3.14285714,7,3.52768812
1487,3.06790123,162,3.18904822
1488,2.85763889,288,2.96472847
1489,2.56756757,37,3.15032440
1490,1.80769231,26,2.97471346
1493,3.29411765,17,3.50863019
1494,2.47368421,19,3.27649598
1495,1.31818182,44,2.52210875
1496,3.16000000,25,3.44104297
1497,2.08333333,48,2.84773697
1498,3.13740458,131,3.26010068
1499,2.20050125,399,2.35429448
1500,3.81338028,1136,3.80360727
1501,2.61111111,18,3.32467974
1502,3.07692308,13,3.47743211
1503,2.31724138,145,2.64142678
1504,3.50000000,16,3.56179125
1507,3.33333333,42,3.46824155
1508,3.30555556,36,3.46602584
1509,3.66666667,21,3.60673553
1510,2.50000000,2,3.53996582
1511,3.58333333,24,3.58213814
1513,3.04635762,755,3.07960028
1514,2.71428571,7,3.47505654
1515,2.55801105,181,2.77955941
1516,3.65384615,52,3.61841395
1517,3.71037344,1205,3.70524161
1518,3.42090395,354,3.44078768
1519,3.33333333,6,3.55496826
1520,2.46666667,15,3.32428035
1522,2.42857143,7,3.43996882
1523,2.63157895,57,3.07549741
1524,3.58156445,0,3.58156445
1525,2.09090909,44,2.88381088
1526,2.46590909,88,2.87013205
1527,3.64052288,1377,3.63845706
1528,2.00000000,2,3.52073505
1529,3.22580645,31,3.44541016
1531,3.63636364,11,3.59144627
1532,2.66666667,6,3.48353969
1533,3.87500000,24,3.67673274
1534,3.66666667,6,3.59068255
1535,3.48543689,103,3.51685113
1537,4.13714286,350,4.06769556
1538,1.66666667,6,3.37639683
1539,2.81818182,11,3.44390529
1541,3.10000000,240,3.18302835
1542,3.54201681,238,3.54888272
1543,3.28571429,7,3.54523198
1544,3.03665339,1255,3.05753121
1545,4.06849315,73,3.87055466
1546,3.81632653,49,3.69775982
1547,3.32432432,37,3.47216348
1548,2.50000000,2,3.53996582
1549,2.68421053,19,3.33446699
1550,2.70422535,71,3.06676217
1551,2.83333333,36,3.26835143
1552,3.26624738,954,3.28195042
1553,2.75000000,4,3.51996709
1554,3.47826087,138,3.50573523
1555,3.00000000,2,3.55919659
1556,1.87193460,367,2.07692619
1557,3.58156445,0,3.58156445
1558,1.50000000,2,3.50150428
1559,3.58156445,0,3.58156445
1561,3.25000000,4,3.55700412
1562,2.25742574,606,2.35835095
1563,3.60000000,40,3.58975803
1564,3.83333333,36,3.68695608
1565,3.00000000,17,3.43400332
1566,3.27931770,469,3.30843588
1567,3.44444444,9,3.56064784
1568,3.58156445,0,3.58156445
1569,3.42804878,820,3.43687152
1570,3.30434783,23,3.49422223
1571,3.95555556,45,3.75871813
1572,3.73076923,26,3.63260819
1573,3.40112597,1421,3.40725916
1574,2.86666667,15,3.41658804
1575,3.14285714,14,3.48559723
1577,3.58156445,0,3.58156445
1578,3.58156445,0,3.58156445
1579,3.00000000,1,3.57016123
1580,3.73995272,2538,3.73689267
1581,2.84745763,59,3.18420388
1582,3.16666667,60,3.35525657
1583,2.77777778,27,3.29971718
1584,3.76845152,1382,3.76192613
1585,3.21428571,28,3.44972080
1586,3.05206463,557,3.09568076
1587,3.42132867,572,3.43420936
1588,3.08304498,289,3.15657293
1589,3.35975610,492,3.38021812
1590,2.51807229,498,2.61510625
1591,2.62105263,475,2.71252995
1592,2.49107143,112,2.82764335
1593,2.86419753,162,3.03338784
1594,3.77850163,307,3.75091939
1595,1.73846154,65,2.53981063
1596,3.46875000,32,3.53753930
1597,3.40567201,811,3.41588644
1598,2.71171171,111,2.98185231
1599,1.64179104,67,2.47075404
1600,2.86904762,84,3.13491211
1601,2.72000000,75,3.06462578
1602,2.11627907,43,2.90406691
1603,2.92528736,348,3.00773423
1604,2.75384615,65,3.11372368
1605,2.65909091,88,2.99332045
1606,2.33944954,109,2.73005171
1608,3.58828996,1076,3.58799132
1609,2.74545455,55,3.14360212
1610,4.05205811,1652,4.03823632
1611,3.35169492,236,3.39188190
1612,3.32727273,55,3.44836403
1613,2.90000000,30,3.32597778
1614,3.28037383,428,3.31187913
1615,3.62114537,227,3.61400080
1616,3.09367089,395,3.14849039
1617,4.21940559,2288,4.20576485
1619,3.42817680,362,3.44679180
1620,3.33670886,395,3.36422073
1621,3.28235294,85,3.39317202
1622,2.40000000,5,3.47414950
1623,2.21093750,128,2.59594507
1624,2.72000000,50,3.15078223
1625,3.91383220,882,3.89600668
1626,2.51851852,81,2.92426124
1627,3.07600000,250,3.16026074
1628,3.58156445,0,3.58156445
1629,3.01834862,109,3.19546052
1630,2.00000000,1,3.55055339
1631,3.59183673,49,3.58664871
1632,2.45000000,20,3.25826032
1633,3.66165414,266,3.64898172
1635,3.80078895,507,3.78110991
1636,2.40000000,5,3.47414950
1639,3.77846791,966,3.76877778
1640,2.53571429,84,2.92595689
1641,3.87239366,1199,3.86075118
1642,3.05405405,74,3.26675986
1643,3.87547170,265,3.82881975
1644,2.63157895,475,2.72205376
1645,3.43583535,826,3.44415322
1646,2.81818182,88,3.09476973
1647,2.87777778,90,3.12913016
1648,3.47422680,194,3.49622222
1649,3.85185185,189,3.79530637
1650,3.34000000,50,3.46078223
1651,2.88235294,17,3.40415258
1652,3.25000000,4,3.55700412
1653,3.71123491,1077,3.70548201
1654,3.31034483,87,3.40933009
1655,2.42857143,77,2.88250569
1656,3.21428571,14,3.50122223
1657,3.50000000,20,3.55826032
1658,3.17241379,116,3.29565194
1659,2.85714286,7,3.49260040
1660,3.56983240,179,3.57239399
1661,3.19318182,88,3.33390016
1662,2.65000000,20,3.31540318
1663,3.83918919,740,3.82288383
1664,4.20000000,5,3.63778587
1665,2.68500000,200,2.86431289
1666,2.60000000,20,3.30111747
1667,2.77876106,113,3.02501977
1668,2.53846154,39,3.12447441
1669,3.45945946,37,3.52963474
1670,3.50000000,82,3.53089563
1671,3.18181818,22,3.45941976
1672,3.57009346,321,3.57163941
1673,3.76950355,1128,3.76152650
1674,3.99617591,1046,3.97726115
1675,3.09090909,11,3.49308562
1676,3.13327601,1163,3.15175451
1677,2.75675676,37,3.23078417
1678,3.82911392,474,3.80549279
1679,1.95833333,24,3.05511112
1680,3.79094828,464,3.77058020
1681,2.17910448,134,2.56020773
1682,3.86169154,1005,3.84841538
1683,3.76146789,218,3.72790382
1684,3.72413793,58,3.65813169
1685,3.50000000,6,3.57282540
1686,3.15596330,109,3.28980014
1687,3.07715134,337,3.14232099
1688,3.50328947,304,3.51434526
1689,3.15476190,252,3.22542458
1690,2.95892169,779,2.99647554
1692,2.55000000,20,3.28683175
1693,3.71794872,351,3.70094320
1694,3.72611465,471,3.71224227
1695,3.68750000,32,3.62290515
1696,3.57142857,28,3.57792593
1697,3.58156445,0,3.58156445
1698,3.58156445,0,3.58156445
1699,3.50322581,155,3.52233279
1701,3.41549296,284,3.44035396
1702,2.55298013,302,2.69908586
1703,2.93548387,62,3.22391270
1704,4.17635659,1548,4.15774607
1705,3.58156445,0,3.58156445
1706,3.58156445,0,3.58156445
1707,1.87662338,154,2.29450109
1708,3.58156445,0,3.58156445
1709,2.00000000,1,3.55055339
1710,3.58156445,0,3.58156445
1711,3.25318471,628,3.27740151
1713,3.04329004,231,3.13906841
1714,2.00000000,1,3.55055339
1715,3.00000000,13,3.46155909
1716,3.58156445,0,3.58156445
1717,2.97582418,455,3.03579846
1718,2.57142857,7,3.45751268
1719,4.04461942,381,3.99090075
1720,1.28571429,7,3.29961794
1721,3.58344114,1546,3.58338235
1722,3.44199536,862,3.44964717
1723,3.58156445,0,3.58156445
1724,3.00000000,1,3.57016123
1725,3.73913043,23,3.63120853
1726,2.77372263,137,2.98972312
1727,3.22857143,210,3.29645470
1728,3.31818182,22,3.50108643
1729,3.68922652,724,3.68227161
1730,3.72727273,176,3.69503638
1731,1.87500000,64,2.62349318
1732,3.73837739,1097,3.73154161
1733,3.10975610,82,3.28847138
1734,3.82587065,201,3.77720407
1735,3.20152091,263,3.26223074
1738,3.58156445,0,3.58156445
1739,1.36170213,47,2.50596106
1740,3.58156445,0,3.58156445
1741,4.00000000,5,3.61960405
1742,3.58156445,0,3.58156445
1743,3.90909091,11,3.64062660
1744,2.67532468,77,3.03211199
1746,2.76363636,55,3.15312593
1747,3.48952591,907,3.49433461
1748,3.82265446,874,3.80960847
1749,3.40000000,10,3.55130371
1750,2.19047619,63,2.80600197
1752,2.65533981,206,2.83624306
1753,3.20202020,198,3.27854122
1754,3.38659794,388,3.40885439
1755,3.53333333,30,3.56347778
1756,2.54901961,51,3.06018042
1757,3.58156445,0,3.58156445
1758,3.65000000,100,3.62718815
1759,3.98039216,51,3.78295270
1760,1.87368421,190,2.22949259
1762,2.73568282,227,2.88836903
1764,3.00000000,1,3.57016123
1765,3.58156445,0,3.58156445
1767,3.00000000,26,3.38260819
1768,3.58156445,0,3.58156445
1769,3.13793103,319,3.19804396
1770,3.47368421,19,3.55185830
1771,2.63829787,47,3.12451776
1772,2.43043478,230,2.63599365
1773,2.50000000,2,3.53996582
1774,3.58156445,0,3.58156445
1776,3.58156445,0,3.58156445
1777,3.48954895,909,3.49434643
1779,2.66358595,541,2.74124911
1780,4.12500000,8,3.65652108
1781,3.58156445,0,3.58156445
1782,2.50000000,8,3.43238315
1783,2.92727273,220,3.04843786
1784,3.95014045,1424,3.93763787
1785,3.38888889,180,3.43077488
1787,3.50000000,2,3.57842736
1788,3.95604396,91,3.82324981
1789,3.58156445,0,3.58156445
1791,2.96226415,53,3.26289537
1792,3.17187500,448,3.21300848
1793,2.38461538,13,3.33457496
1794,3.43046358,151,3.46805086
1795,4.50000000,2,3.61688890
1796,2.40000000,5,3.47414950
1797,4.00598802,167,3.90819457
1798,2.57142857,42,3.12041546
1799,3.41314554,213,3.44516434
1801,3.04347826,391,3.10448577
1804,3.03361345,119,3.19572913
1805,3.44568690,626,3.45573702
1806,2.89285714,168,3.05081754
1807,3.41176471,17,3.53848094
1809,3.80555556,36,3.67532817
1810,3.55807365,353,3.56098815
1811,3.69230769,13,3.60441623
1812,3.47727273,44,3.53274705
1814,3.36000000,25,3.50770964
1815,2.00000000,1,3.55055339
1816,2.96039604,101,3.16608094
1817,3.00000000,12,3.46900359
1819,3.58156445,0,3.58156445
1820,2.00000000,1,3.55055339
1821,3.19431280,211,3.26849894
1822,2.04761905,21,3.12786229
1824,3.36538462,104,3.43557287
1825,2.66666667,33,3.21780991
1826,1.55000000,40,2.67864692
1827,4.00000000,102,3.86235673
1829,3.00000000,37,3.33423244
1830,5.00000000,1,3.60937691
1831,2.58470765,667,2.65422346
1832,4.00000000,1,3.58976907
1833,3.00378788,264,3.09579052
1834,3.93914807,493,3.90622140
1835,3.28961749,366,3.32470727
1836,3.31111111,135,3.38420661
1837,2.68750000,64,3.07963353
1839,2.26086957,69,2.81578338
1840,3.38125000,160,3.42894392
1841,2.94736842,95,3.16605671
1842,4.00000000,2,3.59765813
1843,3.00000000,1,3.57016123
1844,3.86206897,29,3.68453446
1845,3.75083056,301,3.72671858
1846,3.25000000,20,3.48683175
1847,3.58156445,0,3.58156445
1848,3.04519774,177,3.16334019
1849,2.57142857,7,3.45751268
1850,2.84615385,13,3.42981306
1851,4.00000000,2,3.59765813
1852,2.00000000,1,3.55055339
1853,2.00000000,17,3.18027198
1854,3.02083333,48,3.30692064
1855,2.39814815,108,2.77264698
1856,3.05555556,72,3.27113297
1857,3.08333333,24,3.41997598
1858,3.26744186,172,3.33819019
1859,3.53125000,32,3.56192954
1860,3.77272727,44,3.67104492
1861,3.33333333,3,3.56751363
1862,2.05050505,198,2.35918638
1863,2.21830986,142,2.57332408
1864,2.72727273,11,3.42751185
1865,3.55555556,54,3.56805983
1866,3.08994709,189,3.19279591
1867,2.42105263,38,3.08043435
1868,2.00000000,2,3.52073505
1869,2.31372549,51,2.94136854
1870,3.51388889,72,3.54162478
1871,4.00000000,4,3.61255968
1872,3.20000000,10,3.51797038
1873,3.76061776,259,3.73164473
1874,3.37037037,27,3.50750939
1875,3.40243902,164,3.44429076
1876,3.16648045,895,3.18844256
1877,2.50000000,4,3.50144857
1878,2.00000000,11,3.29636431
1879,3.90909091,22,3.68164198
1880,3.42307692,26,3.52734503
1881,2.77941176,68,3.11930697
1882,2.32464930,499,2.43912245
1883,3.43524096,664,3.44548771
1884,3.34563758,298,3.37953512
1885,3.69243421,608,3.68400946
1886,2.75000000,4,3.51996709
1887,2.48333333,60,2.98252930
1888,2.99483204,387,3.06196390
1889,3.87755102,49,3.72806286
1890,2.42857143,7,3.43996882
1891,1.88888889,9,3.32335971
1892,3.37157107,401,3.39485193
1893,3.76190476,21,3.63490454
1894,2.91082803,471,2.97519812
1895,3.23856209,306,3.28673658
1896,3.10638298,47,3.35132188
1897,3.50375940,133,3.52501761
1898,3.64285714,14,3.59497223
1899,3.20000000,10,3.51797038
1900,4.16393443,61,3.90160561
1901,4.00000000,5,3.61960405
1902,3.10000000,30,3.40097778
1903,3.33333333,6,3.55496826
1904,3.48672566,113,3.51581732
1905,1.50000000,2,3.50150428
1906,3.21875000,32,3.43997833
1907,3.74285714,490,3.72792263
1908,3.00000000,1,3.57016123
1909,3.49297189,996,3.49720671
1910,3.75609756,41,3.66020025
1911,2.92979127,527,2.98627075
1912,3.79735683,908,3.78609418
1913,3.82634731,167,3.76994573
1914,3.80913978,372,3.78217588
1915,4.00000000,1,3.58976907
1916,3.50564972,354,3.51504511
1917,3.19189189,1110,3.20868812
1918,3.14050822,669,3.17117973
1919,3.17241379,116,3.29565194
1920,2.81043956,364,2.90357059
1921,3.79119086,613,3.77538193
1922,3.42307692,52,3.50076689
1923,3.90444931,1371,3.89308812
1924,2.63453815,249,2.79290375
1925,3.88888889,45,3.72713919
1926,3.18750000,32,3.42778320
1927,4.19402985,268,4.09773026
1928,3.37931034,29,3.50731927
1929,3.78571429,84,3.70953898
1930,3.00000000,5,3.52869496
1931,4.03111111,225,3.94937536
1932,3.27777778,36,3.45439794
1933,3.38095238,21,3.52222849
1934,4.01298701,77,3.84313561
1935,4.02803738,107,3.88584855
1936,3.87804878,82,3.76574411
1937,3.73015873,63,3.66440905
1938,3.90983607,122,3.81440827
1939,4.12288136,236,4.02824553
1940,3.89010989,91,3.78069661
1941,3.80530973,113,3.73667621
1942,4.03361345,119,3.89987114
1943,3.27868852,61,3.41511912
1944,4.09615385,364,4.03400537
1945,4.26974952,519,4.20927631
1946,3.97560976,205,3.89834597
1947,4.05781866,761,4.02845650
1948,3.85858586,198,3.80273477
1949,4.23287671,219,4.11181495
1950,4.12931034,348,4.06049805
1951,3.69483568,213,3.67330123
1952,4.11312217,663,4.07584603
1953,4.09872242,861,4.07033833
1954,3.94331267,1129,3.92797135
1955,3.79646018,452,3.77505622
1956,3.99013807,507,3.95346180
1957,3.79652997,634,3.78081611
1958,3.60754717,530,3.60530728
1959,3.65335463,626,3.64804471
1960,3.97641509,636,3.94763589
1961,4.05338346,1330,4.03628857
1962,3.87730061,652,3.85623678
1963,4.05158730,252,3.97376895
1964,3.80794702,302,3.77579041
1965,3.68308921,751,3.67675184
1966,3.64646465,198,3.63337993
1967,3.63718412,554,3.63257984
1968,3.87979207,1539,3.87040794
1969,2.32116788,274,2.51567353
1970,2.64179104,268,2.78955416
1971,2.23966942,242,2.46944597
1972,1.99500000,200,2.31231289
1973,2.18139535,215,2.44557820
1974,3.04100946,317,3.11465456
1975,2.42690058,171,2.68813675
1976,1.97989950,199,2.30151897
1977,2.17751479,169,2.49807408
1978,2.07894737,114,2.53706233
1979,2.17857143,112,2.61159397
1980,2.15384615,91,2.66012924
1981,1.83838384,99,2.42334378
1982,3.71343874,506,3.70157954
1983,2.75384615,195,2.92276826
1984,2.09523810,105,2.57469821
1985,2.41085271,129,2.73786717
1986,2.12598425,127,2.53716510
1987,2.32967033,91,2.77360442
1988,2.09803922,51,2.83245765
1989,1.46666667,15,3.09351112
1990,1.68750000,16,3.12239731
1991,2.70292887,239,2.85494195
1992,2.11278195,133,2.51408865
1993,1.89690722,97,2.46991988
1994,3.68427673,795,3.67819908
1995,2.42307692,182,2.67275096
1996,1.83035714,112,2.37085323
1997,3.95593220,885,3.93591254
1998,1.76991150,113,2.32563327
1999,2.74803150,127,2.98349278
2000,3.88690842,1627,3.87780455
2001,3.54500495,1011,3.54672783
2002,3.25436409,802,3.27356599
2003,3.26804124,776,3.28701964
2004,2.51344086,372,2.63999579
2005,3.49720670,716,3.50271308
2006,3.56154629,983,3.56251522
2007,2.67692308,65,3.07024541
2008,2.53333333,15,3.33966496
2009,3.51895735,422,3.52558945
2010,4.08247423,388,4.02529275
2011,3.34369603,1158,3.35354158
2012,3.24216028,1148,3.25632573
2013,3.45498392,622,3.46440212
2014,3.17777778,180,3.26555749
2015,3.45263158,380,3.46762377
2016,2.66055046,109,2.95017750
2017,2.98765432,162,3.12772747
2018,3.73853990,589,3.72625700
2019,4.56050955,628,4.48831596
2020,3.97153946,773,3.94784717
2021,3.35614702,789,3.36958072
2022,3.53149606,254,3.53973100
2023,3.34496124,774,3.35931823
2024,3.31756757,148,3.38423345
2025,3.34389140,221,3.38774252
2026,2.68944099,161,2.90084466
2027,2.44961240,129,2.76580013
2028,4.33735394,2653,4.32337337
2029,3.67105263,76,3.63554145
2030,3.58156445,0,3.58156445
2031,3.02702703,37,3.34572670
2032,2.92500000,40,3.28975803
2033,3.16500000,200,3.24831289
2034,2.77288136,295,2.89008180
2035,3.10526316,57,3.32783386
2036,2.21875000,96,2.68546728
2037,3.53703704,54,3.55844445
2038,2.90404040,198,3.04063799
2039,1.00000000,1,3.53094554
2040,2.94531250,128,3.12403496
2041,2.66896552,145,2.90296524
2042,2.63212435,193,2.82748240
2043,3.27215190,158,3.34652992
2044,2.53846154,52,3.04978650
2045,3.45454545,55,3.51503069
2046,3.46641791,536,3.47624270
2047,3.18181818,22,3.45941976
2048,3.49618321,131,3.51976919
2049,3.32432432,37,3.47216348
2050,2.53846154,104,2.87713132
2051,2.55445545,101,2.89455777
2052,2.86885246,183,3.02179495
2053,2.25721785,381,2.41085434
2054,2.93301435,1045,2.96262851
2055,2.83333333,42,3.23998068
2056,3.50000000,18,3.55997386
2057,3.34065934,91,3.42608669
2058,3.60826033,799,3.60668813
2059,3.28358209,268,3.33043466
2060,2.99453552,183,3.12050739
2061,3.57142857,7,3.58031970
2062,3.20000000,70,3.35898519
2063,2.50000000,8,3.43238315
2064,4.07393484,798,4.04490356
2065,3.59916493,479,3.59750137
2066,4.15094340,106,3.96845015
2067,4.06560284,564,4.02618603
2068,3.88281250,128,3.79819226
2069,3.78571429,140,3.73199065
2070,3.90530303,264,3.85375230
2071,3.92982456,171,3.85103268
2072,2.91089109,303,3.00588732
2073,3.66666667,66,3.62998468
2074,3.52380952,21,3.56448201
2075,3.74074074,81,3.67998643
2076,3.76299694,654,3.75011111
2077,3.49350649,154,3.51508933
2078,3.81626506,664,3.79982944
2079,3.57142857,14,3.57934723
2080,3.80439815,864,3.79220812
2081,3.75652174,1035,3.74845919
2082,2.88642659,361,2.97099324
2083,3.60687023,262,3.60281482
2084,3.12903226,93,3.28726030
2085,3.59646018,565,3.59524914
2086,3.55172414,29,3.57061041
2087,3.65993266,594,3.65384817
2088,2.59447983,471,2.68920964
2089,3.19665272,239,3.26324645
2090,3.47389558,249,3.49190041
2091,2.84946237,186,3.00456874
2092,2.43558282,163,2.70459259
2093,2.85144928,276,2.96343013
2094,3.10869565,736,3.13877636
2095,2.97345133,113,3.15998910
2096,3.71037182,511,3.69889166
2097,3.48826291,213,3.50600085
2098,3.14473684,76,3.31808113
2099,3.60180995,221,3.59807462
2100,3.43078246,1163,3.43699771
2101,3.53333333,15,3.57043419
2102,3.38578680,197,3.42541791
2103,3.08108108,37,3.36871520
2104,3.33962264,53,3.45707012
2105,3.35567010,970,3.36674336
2106,3.29729730,185,3.35777967
2107,2.68844221,199,2.86778403
2108,3.70666667,825,3.69951797
2109,3.74345550,573,3.73046264
2110,3.26430518,367,3.30234586
2111,3.22756410,312,3.27645918
2112,3.48843931,346,3.50019753
2113,2.15189873,79,2.70603273
2114,3.68750000,256,3.67019027
2115,3.67613132,1127,3.67211404
2116,3.33333333,438,3.35876685
2117,3.71942446,278,3.69840922
2118,3.70247934,363,3.68784073
2119,2.27210884,147,2.60445798
2120,2.94214876,242,3.05163775
2121,2.73061224,245,2.87484143
2122,2.44635193,233,2.64691951
2123,2.86976744,215,3.00406876
2124,3.16946779,714,3.19643746
2125,3.71394231,416,3.69973868
2126,2.74545455,495,2.82216188
2127,3.50000000,4,3.57552264
2128,3.32000000,25,3.49437630
2129,3.75000000,8,3.60479694
2130,3.83223684,304,3.79683114
2131,3.73333333,30,3.63847778
2132,4.07407407,297,4.00310727
2133,3.27541590,541,3.30131679
2134,3.42352941,510,3.43763968
2135,3.20168067,238,3.26763272
2136,3.14864865,222,3.22822876
2137,3.82293763,497,3.80087426
2138,3.84262295,305,3.80585415
2139,3.85094851,369,3.81880244
2140,3.65211268,710,3.64747135
2141,3.42821782,404,3.44510622
2142,2.83084577,201,2.98039133
2143,3.27042254,355,3.30883512
2144,3.71070932,719,3.70231238
2145,3.36652237,693,3.38099357
2146,3.11079545,352,3.16934881
2147,2.54978355,231,2.73337446
2148,2.88554217,166,3.04665844
2149,2.25242718,103,2.68678577
2150,3.72661871,695,3.71688352
2151,3.17187500,128,3.28695631
2152,2.11594203,69,2.73174977
2153,1.99652778,288,2.23100066
2154,2.78571429,140,2.99514854
2155,3.31460674,267,3.35671364
2156,3.77777778,9,3.61149530
2157,3.25000000,20,3.48683175
2158,2.60000000,20,3.30111747
2159,3.47945205,219,3.49843205
2160,3.81882022,712,3.80325226
2161,3.60515021,699,3.60357573
2162,2.41242938,177,2.66994812
2163,2.60679612,206,2.79718056
2164,2.05000000,20,3.14397461
2165,3.37614679,109,3.44074354
2166,3.52083333,144,3.53648568
2167,3.47713226,809,3.48321097
2168,3.07594937,79,3.27192421
2169,2.67692308,130,2.92821235
2170,2.55284553,123,2.85016314
2171,3.68877551,196,3.66698464
2172,3.25000000,4,3.55700412
2173,3.56363636,110,3.56923889
2174,3.56789298,1495,3.56833542
2175,3.83333333,18,3.64820916
2176,3.89528796,191,3.83020009
2177,3.21686747,83,3.35397160
2178,3.66315789,95,3.63502223
2179,3.15384615,39,3.39413733
2180,3.32758621,58,3.44516873
2181,3.56779661,118,3.57189418
2182,3.58163265,98,3.58160961
2183,3.93296089,179,3.85623678
2184,3.59863946,147,3.59430570
2185,3.58823529,17,3.58325705
2186,4.30497925,482,4.23698914
2187,3.57692308,26,3.57997661
2188,2.76447876,259,2.89669328
2189,3.71428571,21,3.62082004
2190,2.84615385,52,3.20664924
2191,2.80000000,10,3.45130371
2192,3.28571429,7,3.54523198
2193,3.49625935,802,3.50126552
2194,4.00798580,1127,3.98987105
2195,3.00740741,135,3.16258499
2196,2.44444444,27,3.18283406
2197,4.18181818,11,3.68980693
2198,4.00000000,2,3.59765813
2199,3.58156445,0,3.58156445
2200,2.50000000,8,3.43238315
2201,3.40000000,20,3.52968890
2202,3.94366197,213,3.87482214
2203,4.27038627,233,4.14868630
2204,3.82022472,89,3.73437570
2205,3.51515152,33,3.55515931
2206,4.01197605,167,3.91280287
2207,2.87500000,8,3.48410729
2208,4.18592965,199,4.06457118
2209,3.30000000,10,3.53463704
2210,3.70370370,54,3.64498291
2211,3.52631579,19,3.56635105
2212,3.83593750,128,3.76448440
2213,1.00000000,1,3.53094554
2214,3.00000000,1,3.57016123
2215,3.50000000,12,3.56577778
2216,3.58156445,0,3.58156445
2217,1.00000000,1,3.53094554
2218,2.00000000,1,3.55055339
2219,3.40000000,10,3.55130371
2220,3.58156445,0,3.58156445
2221,3.09090909,11,3.49308562
2222,3.58156445,0,3.58156445
2223,3.33333333,3,3.56751363
2224,3.58156445,0,3.58156445
2225,3.58156445,0,3.58156445
2226,3.00000000,1,3.57016123
2227,3.52380952,21,3.56448201
2228,3.58156445,0,3.58156445
2229,3.58156445,0,3.58156445
2230,3.58156445,0,3.58156445
2231,3.60869565,345,3.60526132
2232,3.46781116,233,3.48790891
2233,1.60000000,5,3.40142223
2234,1.87500000,8,3.34617625
2235,2.00000000,1,3.55055339
2236,3.60891089,202,3.60348501
2237,3.59090909,44,3.58593854
2238,3.83116883,77,3.73289939
2239,3.74226804,97,3.68760696
2240,3.50840336,238,3.52110494
2241,2.77519380,129,3.00043700
2242,2.50000000,6,3.46568255
2243,3.74778200,789,3.73787631
2244,1.85714286,7,3.36979338
2245,3.41439689,514,3.42921671
2246,2.71428571,14,3.39184723
2247,3.09315068,365,3.15199572
2248,4.01750547,914,3.99489442
2249,3.19246862,239,3.25978624
2250,3.14516129,62,3.33998413
2251,3.50000000,2,3.57842736
2252,3.01612903,186,3.13592467
2253,2.56363636,440,2.66750658
2254,2.00000000,1,3.55055339
2255,2.60759494,79,2.98510250
2256,2.37500000,24,3.19024625
2257,2.94117647,17,3.41907795
2258,3.00000000,2,3.55919659
2259,2.71641791,201,2.88875786
2260,2.79591837,49,3.19270932
2261,3.32919255,161,3.38899632
2262,3.15644172,326,3.21297400
2263,3.10285714,175,3.20923655
2264,2.59036145,83,2.96299416
2265,2.00000000,83,2.59457310
2266,2.87179487,195,3.01664581
2267,2.94594595,74,3.20224373
2268,3.93119698,1061,3.91546195
2269,2.73732719,217,2.89542405
2270,3.58156445,0,3.58156445
2271,3.28947368,76,3.40538272
2272,3.45535714,112,3.49431002
2273,3.56618820,627,3.56732381
2274,3.58156445,0,3.58156445
2275,3.36619718,71,3.45519192
2276,3.71428571,70,3.65898519
2277,2.00000000,1,3.55055339
2278,3.52729529,806,3.53046521
2279,2.71681416,226,2.87347182
2280,3.43200000,125,3.47473270
2281,3.45454545,11,3.55865939
2282,3.51898734,316,3.52753613
2283,2.91803279,61,3.21692092
2284,3.79069767,43,3.67826046
2285,3.88888889,54,3.74113676
2286,2.51162791,43,3.08686261
2287,3.43928571,280,3.46084310
2288,3.78542510,741,3.77253884
2289,3.96319018,978,3.94462862
2290,3.28099174,121,3.36887850
2291,3.59266802,1473,3.59230349
2292,2.50000000,20,3.27254604
2293,3.24000000,25,3.46770964
2294,3.48372093,645,3.49076003
2295,3.81081081,74,3.71837276
2296,2.38194444,144,2.69112486
2297,3.10704225,355,3.16562524
2298,1.86666667,15,3.18581881
2299,3.75000000,4,3.59404116
2300,4.14437690,658,4.10463026
2301,3.59029650,371,3.58925944
2302,3.78453039,1086,3.77559703
2303,3.92000000,325,3.87487526
2304,3.57142857,7,3.58031970
2305,3.48000000,25,3.54770964
2306,2.48888889,90,2.87913016
2307,2.63157895,38,3.17134344
2308,2.00000000,1,3.55055339
2309,4.50000000,2,3.61688890
2310,3.79850746,134,3.73955556
2311,3.41702128,470,3.43284274
2312,3.82779456,331,3.79548090
2313,4.01312910,457,3.97056849
2314,3.13461538,104,3.27972872
2315,2.36734694,147,2.67552397
2316,2.98305085,236,3.08768609
2317,2.62500000,8,3.44962453
2318,3.90312500,320,3.85967087
2319,3.58156445,0,3.58156445
2320,3.10695187,187,3.20708111
2321,3.69689119,1158,3.69211773
2322,2.93103448,290,3.02670065
2323,3.94285714,35,3.73033203
2324,4.32986111,1152,4.29873396
2325,3.13445378,119,3.26673505
2326,3.00000000,12,3.46900359
2327,2.85000000,100,3.09385482
2328,2.84971098,173,3.01380369
2329,4.22656250,640,4.17982351
2330,4.16304348,92,3.95829734
2331,3.22346369,179,3.30165163
2332,3.25000000,8,3.53583143
2333,3.81314879,578,3.79471055
2334,3.12435233,386,3.17678491
2335,2.92619048,420,2.99591111
2336,4.02985075,938,4.00716419
2337,3.20634921,126,3.31294445
2338,2.20338983,295,2.40312528
2339,2.92592593,27,3.35166523
2340,3.25290698,344,3.29461478
2341,3.27272727,44,3.43700237
2342,3.72727273,11,3.60783972
2343,2.00000000,2,3.52073505
2344,3.42288557,201,3.45449491
2345,3.37209302,43,3.48471207
2346,3.30666667,300,3.34593778
2347,3.73684211,95,3.68329809
2348,3.55263158,304,3.55671814
2349,3.61077844,167,3.60404711
2350,2.78947368,19,3.36345250
2351,4.20720721,111,4.01290822
2352,3.87470167,838,3.85819620
2353,3.68724696,988,3.68215628
2354,2.78014184,141,2.98993834
2355,3.85437463,1703,3.84659340
2356,2.89583333,96,3.13067276
2357,4.28372093,215,4.15123858
2358,4.00000000,4,3.61255968
2359,3.87908962,703,3.85933363
2360,4.30769231,117,4.09028876
2361,3.24050633,158,3.32249146
2362,2.84905660,53,3.20464294
2363,3.31893688,301,3.35634821
2364,2.77685950,121,3.01215335
2365,2.77205882,136,2.98966786
2366,3.65608466,756,3.65146181
2367,2.75728155,309,2.87208419
2368,1.68965517,58,2.56553910
2369,2.95476190,840,2.98997553
2370,3.51408451,142,3.53165741
2371,3.59432387,599,3.59334087
2372,2.96638655,238,3.07318827
2373,2.48148148,189,2.71162436
2374,2.93032787,244,3.04108239
2375,2.89234450,418,2.96597911
2376,3.26769231,325,3.30954193
2377,2.94535519,183,3.08188078
2378,2.99757869,413,3.06064411
2379,2.38666667,225,2.60392081
2380,2.03061224,196,2.34584643
2381,1.91379310,174,2.28606349
2382,1.76666667,150,2.22039111
2383,1.65771812,149,2.14109660
2384,3.29063098,523,3.31601784
2385,2.57534247,146,2.83203175
2386,1.96610169,59,2.70713966
2387,2.77419355,217,2.92538660
2388,3.46666667,15,3.55504958
2389,2.65151515,264,2.79961217
2390,3.69090909,330,3.67652164
2391,3.75167785,745,3.74097890
2392,2.23414634,205,2.49834597
2393,3.34820322,807,3.36181823
2394,3.57167530,579,3.57246140
2395,3.84098361,1220,3.83077025
2396,4.12747995,2369,4.11619604
2397,3.30434783,23,3.49422223
2398,3.96052632,380,3.91646098
2399,2.66816143,223,2.83545137
2400,2.86046512,43,3.24815293
2401,3.76923077,312,3.74331001
2402,2.82543641,401,2.90926435
2403,3.57178841,397,3.57288193
2404,2.34219269,301,2.51874138
2405,3.16344725,673,3.19236269
2406,3.68921933,1345,3.68536073
2407,3.53777336,1006,3.53984680
2408,2.52895753,259,2.69928227
2409,3.17752809,445,3.21833984
2410,2.87531172,401,2.95361025
2411,2.64533333,375,2.75547817
2412,2.10218978,274,2.33048834
2413,3.24830700,443,3.28210593
2414,3.39050132,379,3.41276975
2415,2.80000000,15,3.40120343
2416,3.14971751,354,3.20316392
2417,2.94594595,74,3.20224373
2418,3.07272727,110,3.23173889
2419,3.20289855,69,3.36200187
2420,3.41784990,493,3.43292490
2421,2.67714885,477,2.76295678
2422,2.12237762,286,2.33951852
2423,3.58834951,515,3.58774907
2424,3.38066826,838,3.39197998
2425,3.62068966,58,3.60257614
2426,2.96296296,27,3.36465224
2427,3.39850560,803,3.40923590
2428,2.77777778,513,2.84916203
2429,2.82777778,180,2.99164445
2430,3.11111111,144,3.23236197
2431,3.13713080,474,3.17953859
2432,3.13698630,146,3.25039910
2433,3.35947712,612,3.37625109
2434,3.63333333,60,3.60980202
2435,3.08080808,99,3.24884713
2436,3.59016393,122,3.58766409
2437,3.64705882,85,3.62280165
2438,4.00000000,1,3.58976907
2439,3.61111111,198,3.60515412
2440,3.36170213,47,3.47503322
2441,3.03846154,26,3.39576609
2442,3.82500000,160,3.76703916
2443,3.59523810,126,3.59135354
2444,4.00000000,5,3.61960405
2445,2.79729730,74,3.11353405
2446,2.53968254,63,3.00069224
2447,3.06015038,266,3.14265260
2448,2.34920635,189,2.60702185
2449,1.53125000,32,2.78144174
2450,2.09907834,434,2.25222773
2451,2.64601770,113,2.93299523
2452,1.68421053,19,3.05910468
2453,3.25000000,176,3.32335497
2454,3.35833333,480,3.37939287
2455,3.44070962,1071,3.44699217
2456,2.31338028,284,2.50322821
2457,3.38223938,259,3.41449263
2458,2.47692308,130,2.78376790
2459,3.22267206,247,3.28309166
2460,2.35344828,116,2.72336279
2461,2.09677419,62,2.75962699
2462,1.83333333,54,2.67382906
2463,3.46105263,475,3.47252995
2464,2.62500000,8,3.44962453
2465,2.02380952,42,2.87041546
2466,3.46153846,13,3.55679718
2467,3.90123457,324,3.85849792
2468,2.77005348,374,2.86575053
2469,3.27667984,506,3.30409752
2470,3.42653509,912,3.43459275
2471,2.62801932,414,2.73077203
2472,2.97849462,93,3.18935820
2473,2.40932642,193,2.65052767
2474,3.46064140,343,3.47602601
2475,3.30000000,140,3.37409591
2476,3.34666667,300,3.38022349
2477,2.28571429,42,2.98998068
2478,3.11775044,569,3.15521522
2479,2.27272727,44,2.96891726
2480,4.50000000,2,3.61688890
2481,3.60000000,35,3.58915556
2482,3.33333333,30,3.48847778
2483,2.92000000,25,3.36104297
2484,2.00000000,1,3.55055339
2485,3.05121951,410,3.10886570
2486,1.77777778,9,3.30641055
2487,2.42857143,7,3.43996882
2488,3.85882353,85,3.75613498
2489,3.58156445,0,3.58156445
2490,3.50582147,773,3.51042311
2491,2.73913043,115,2.99441347
2492,2.85611511,139,3.04803292
2493,4.14285714,28,3.78305414
2494,4.00000000,27,3.72828861
2495,3.60204082,98,3.59512313
2496,3.36388889,360,3.39043469
2497,2.83529412,170,3.00490101
2498,2.33333333,123,2.69409377
2499,3.53846154,52,3.55959042
2500,2.59663866,119,2.88803682
2501,4.13775510,588,4.09416649
2502,3.82110092,872,3.80811087
2503,4.66666667,9,3.74708852
2504,2.88397790,181,3.03497066
2505,2.86397059,272,2.97539821
2506,3.34355828,163,3.39942828
2507,2.98148148,54,3.26998291
2508,3.58156445,0,3.58156445
2509,2.77777778,18,3.36879739
2510,3.66666667,3,3.58638156
2511,3.86585366,82,3.75816835
2512,3.94736842,19,3.68229308
2513,2.96065574,305,3.04810767
2514,2.06034483,116,2.51854351
2515,1.78846154,52,2.66743356
2516,1.84444444,45,2.75871813
2517,3.06227106,273,3.14265704
2518,3.47278912,294,3.48859948
2519,3.22916667,96,3.34985084
2520,3.14525140,179,3.24051626
2521,2.63095238,84,2.98565838
2522,2.35443038,79,2.83006374
2523,2.30952381,42,3.00085025
2524,3.01879699,266,3.10784248
2525,2.23529412,153,2.56688780
2526,2.36641221,131,2.70208963
2527,3.42138365,636,3.43305863
2528,3.46964856,626,3.47792636
2529,3.71256454,1162,3.70716025
2530,2.94520548,365,3.02187524
2531,2.83333333,312,2.93668017
2532,2.84357542,358,2.93401525
2533,3.04103672,463,3.09371973
2534,2.52941176,17,3.31460034
2535,2.84873950,119,3.06555161
2536,1.89189189,37,2.86296808
2537,1.94117647,34,2.91759789
2538,3.60000000,5,3.58324041
2539,3.39448052,616,3.40852586
2540,3.03205128,156,3.16542827
2541,3.22182469,559,3.25135997
2542,3.89760000,625,3.87418996
2543,3.50000000,2,3.57842736
2544,2.77777778,18,3.36879739
2545,2.83333333,12,3.43674553
2546,2.94082840,169,3.08711517
2547,3.58156445,0,3.58156445
2548,2.22857143,105,2.66502079
2549,2.22857143,175,2.52923655
2550,3.50273224,183,3.51964902
2551,3.29100529,189,3.35179173
2552,2.21621622,37,3.00089911
2553,3.35616438,219,3.39806031
2554,3.17647059,136,3.28536679
2555,1.70121951,164,2.14055244
2556,3.00000000,1,3.57016123
2557,3.40000000,5,3.56505859
2558,2.74468085,235,2.89150254
2559,2.59259259,27,3.23478211
2560,3.11111111,171,3.21754852
2561,3.03816794,131,3.18827747
2562,3.77777778,9,3.61149530
2563,3.00000000,1,3.57016123
2564,3.58156445,0,3.58156445
2565,3.95430108,372,3.91013797
2566,2.42500000,40,3.06753581
2567,3.20198675,302,3.25590404
2568,2.10747664,214,2.38665993
2569,3.77777778,9,3.61149530
2570,3.59803922,102,3.59261989
2571,4.31583012,2590,4.30192357
2572,3.42285714,700,3.43343763
2573,3.41666667,48,3.50079819
2574,2.66834171,199,2.85171977
2575,4.00000000,141,3.89046190
2576,2.00000000,3,3.49204194
2577,3.28571429,28,3.47536183
2578,3.50000000,4,3.57552264
2579,3.79310345,29,3.65921801
2580,3.85477178,723,3.83709990
2581,3.16826923,624,3.19892911
2582,3.10606061,66,3.31101916
2583,3.60851064,235,3.60378324
2584,3.00000000,1,3.57016123
2585,3.85416667,48,3.71508390
2586,2.96000000,25,3.37437630
2587,2.96078431,102,3.16498831
2588,3.58156445,0,3.58156445
2589,2.73437500,64,3.10594932
2590,3.04166667,48,3.31712472
2591,2.00000000,2,3.52073505
2592,3.00000000,1,3.57016123
2593,3.71428571,35,3.63621438
2594,3.95161290,62,3.78641270
2595,3.58156445,0,3.58156445
2596,3.61870504,139,3.60887948
2597,2.60937500,64,3.03577388
2598,3.01688555,533,3.06531428
2599,3.93035480,1522,3.91926096
2600,3.25609756,410,3.29147440
2601,3.58156445,0,3.58156445
2602,2.83333333,6,3.50139683
2603,3.58156445,0,3.58156445
2604,3.58156445,0,3.58156445
2605,3.16859717,777,3.19356496
2606,2.72463768,207,2.89135495
2607,4.08823529,68,3.87354426
2608,2.60000000,5,3.49233132
2609,4.22388060,67,3.94938652
2610,3.87804878,41,3.71514530
2611,3.91095890,146,3.82692971
2612,4.08823529,136,3.95203346
2613,3.09608541,281,3.16942061
2614,1.93181818,44,2.80934279
2615,3.01058201,189,3.13003440
2616,2.68269231,624,2.74937422
2617,3.32174777,1007,3.33403805
2618,3.89130435,46,3.72998149
2619,3.00000000,1,3.57016123
2620,3.69444444,36,3.62881654
2621,3.65217391,69,3.62250607
2622,3.34939759,415,3.37436177
2623,2.75000000,4,3.51996709
2624,4.08823529,102,3.92156725
2625,3.07575758,66,3.29377778
2626,3.57142857,35,3.57739085
2627,3.42857143,14,3.54809723
2628,3.40977778,2250,3.41351227
2629,2.75000000,144,2.96432074
2630,3.51219512,41,3.55031014
2631,2.00000000,5,3.43778587
2632,3.27272727,11,3.52587250
2633,3.53703704,162,3.54753879
2634,3.24731183,93,3.36418338
2635,3.03225806,31,3.37133608
2636,2.46153846,13,3.35044798
2637,2.66666667,33,3.21780991
2638,2.83333333,36,3.26835143
2639,3.20245399,163,3.29144705
2640,3.53682488,1222,3.53858351
2641,3.16430260,846,3.18758730
2642,2.33659491,511,2.44755476
2643,1.88855422,332,2.11015242
2644,3.82773109,238,3.78499383
2645,3.34313725,102,3.42156725
2646,2.87179487,39,3.27054183
2647,3.19230769,52,3.38311983
2648,3.97536946,406,3.93218908
2649,3.32307692,65,3.43546281
2650,2.75757576,33,3.25395449
2651,3.14634146,82,3.31119866
2652,2.92156863,51,3.24829923
2653,2.76190476,42,3.20737199
2654,3.76119403,134,3.71238164
2655,1.76595745,47,2.70183735
2656,2.77419355,62,3.13462699
2657,3.29115977,1233,3.30247718
2658,3.09090909,11,3.49308562
2659,3.17391304,46,3.38623149
2660,3.89629630,135,3.81123364
2661,3.36170213,94,3.43804321
2662,3.85840708,565,3.83589955
2663,3.07547170,53,3.32114779
2664,3.91242038,628,3.88802098
2665,3.42253521,71,3.48824977
2666,3.21428571,28,3.44972080
2667,2.62068966,58,3.06553910
2668,2.53479853,273,2.69683660
2669,3.73831776,107,3.68839632
2670,4.00000000,220,3.92251194
2671,3.66282051,780,3.65792557
2672,3.18925831,391,3.23373747
2673,3.85714286,7,3.61540741
2674,2.69230769,26,3.27734503
2675,3.40000000,10,3.55130371
2676,3.13533835,266,3.20594374
2677,4.05652174,230,3.97170794
2678,3.12000000,25,3.42770964
2679,2.60000000,5,3.49233132
2680,3.58156445,0,3.58156445
2681,3.60465116,43,3.59223895
2682,4.05681818,88,3.88462480
2683,3.38842399,1434,3.39493142
2684,3.58156445,0,3.58156445
2685,3.00000000,4,3.53848560
2686,3.96226415,583,3.93219308
2687,3.66515837,442,3.65666305
2688,3.14182344,691,3.17149558
2689,3.39024390,41,3.49536508
2690,3.70000000,390,3.68654142
2691,2.95000000,20,3.40111747
2692,4.22481343,1072,4.19614815
2693,3.85714286,224,3.80685483
2694,3.13527181,791,3.16180526
2695,2.18181818,11,3.32915119
2696,3.69135802,81,3.64945208
2697,3.72916667,48,3.65385941
2698,3.58156445,0,3.58156445
2699,3.00292612,1367,3.02334384
2700,3.76044129,1269,3.75366052
2701,2.15853659,902,2.23327544
2702,3.07088608,395,3.12826567
2703,3.00000000,1,3.57016123
2704,3.07317073,41,3.35250794
2705,2.71428571,7,3.47505654
2706,3.70986321,1389,3.70540530
2707,3.50473186,634,3.51034828
2708,3.82978723,47,3.70183735
2709,3.17672414,232,3.24850434
2710,3.03152789,1237,3.05289683
2711,3.56250000,32,3.57412467
2712,3.20105820,945,3.22017912
2713,2.50118765,421,2.61587733
2714,3.25287356,87,3.37283374
2715,2.22727273,22,3.16775309
2716,3.90554791,2181,3.89828697
2717,2.90619469,565,2.96110280
2718,3.13054830,383,3.18262869
2719,2.38235294,476,2.49634643
2720,2.16621984,373,2.33351826
2721,3.76470588,85,3.69687572
2722,2.87290970,598,2.92758985
2723,3.01055100,853,3.04216857
2724,3.12000000,650,3.15296889
2725,3.74736842,95,3.69019464
2726,4.16923077,130,4.00599013
2727,3.46875000,32,3.53753930
2728,4.01877934,426,3.97285341
2729,3.86567164,201,3.80907658
2730,3.55029586,169,3.55743481
2731,4.32085561,187,4.16488702
2732,3.97972973,148,3.87918294
2733,2.44000000,50,3.01078223
2734,3.35836910,466,3.37999656
2735,2.89760349,459,2.96479022
2736,3.43555556,225,3.46210263
2737,2.91304348,23,3.37093456
2738,3.45569620,79,3.50448235
2739,3.85555556,450,3.82815645
2740,2.64705882,17,3.34445108
2741,3.01639344,61,3.27097498
2742,2.00000000,1,3.55055339
2743,3.37500000,24,3.51457058
2744,3.68421053,38,3.62588889
2745,3.89519651,229,3.83899005
2746,3.33226496,936,3.34490692
2747,3.31179775,356,3.34502025
2748,2.05109489,137,2.46031135
2749,3.21839080,87,3.35093593
2750,3.69824561,285,3.68083052
2751,2.81481481,54,3.18344445
2752,2.96216216,185,3.09394988
2753,3.49122807,57,3.53344133
2754,1.83333333,12,3.24319714
2755,2.67741935,31,3.23553361
2756,3.21875000,32,3.43997833
2757,3.82222222,135,3.75717958
2758,2.83870968,31,3.29726201
2759,3.35116279,430,3.37516296
2760,3.42857143,7,3.56277584
2761,4.04747774,674,4.01530141
2762,4.40626271,2459,4.38982791
2763,3.64187328,1089,3.63922583
2764,3.60000000,280,3.59720674
2765,2.71428571,7,3.47505654
2766,3.51515152,33,3.55515931
2767,3.08000000,25,3.41437630
2768,3.23076923,13,3.50917814
2769,3.22077922,77,3.36282065
2770,3.26203209,935,3.27825200
2771,2.88888889,171,3.04560282
2772,3.03252033,246,3.12526427
2773,2.92857143,14,3.43872223
2774,3.51470588,68,3.54303579
2775,3.28571429,14,3.51684723
2776,3.76923077,13,3.62028925
2777,2.00000000,5,3.43778587
2778,2.55172414,29,3.20352181
2779,3.62028986,345,3.61538791
2780,3.18292683,82,3.33392593
2781,3.17460317,63,3.35467454
2782,3.50467290,107,3.52916065
2783,2.60000000,10,3.41797038
2784,3.20634921,63,3.37237365
2785,3.04000000,25,3.40104297
2786,2.41666667,72,2.89408379
2787,2.90123457,162,3.06168973
2788,4.13747228,451,4.08199246
2789,2.99393939,165,3.13059638
2790,2.65573770,61,3.07277678
2791,3.97111496,1731,3.96017868
2792,2.98028674,558,3.02973392
2793,2.75471698,265,2.88596261
2794,2.92207792,385,2.99788097
2795,3.84153005,549,3.81983009
2796,2.95000000,240,3.05889042
2797,3.85580148,1491,3.84690345
2798,1.92500000,160,2.31942011
2799,1.55555556,99,2.23542431
2800,3.04545455,22,3.41775309
2801,3.51648352,91,3.53956186
2802,3.08823529,306,3.15752310
2803,3.27456647,346,3.31332885
2804,4.23890533,1352,4.21546236
2805,2.86830357,448,2.93991611
2806,2.63316583,199,2.82360732
2807,1.75824176,91,2.40481009
2808,2.51200000,375,2.63783111
2809,2.55000000,20,3.28683175
2810,3.92682927,41,3.73712333
2811,4.00000000,2,3.59765813
2812,3.23913043,46,3.41748149
2813,3.65517241,29,3.60858510
2814,2.62500000,8,3.44962453
2815,2.59409594,271,2.74790724
2816,1.86486486,148,2.29837486
2817,1.64000000,125,2.19473270
2818,1.60344828,58,2.51924280
2819,4.04075235,319,3.97853177
2820,3.56603774,53,3.57357498
2821,2.66666667,3,3.52977779
2822,3.04942966,263,3.13443522
2823,2.50000000,4,3.50144857
2824,3.92857143,14,3.65747223
2825,2.75000000,4,3.51996709
2826,3.15866667,750,3.18509778
2827,2.44207317,328,2.59279953
2828,2.10743802,121,2.53846914
2829,2.95541401,157,3.10665808
2830,3.54545455,11,3.57505283
2831,3.25000000,8,3.53583143
2832,3.58156445,0,3.58156445
2833,3.66666667,6,3.59068255
2834,3.55555556,18,3.57467974
2835,2.53571429,56,3.02903984
2836,3.29447853,163,3.36186959
2837,3.38095238,21,3.52222849
2838,3.58156445,0,3.58156445
2839,4.30000000,10,3.70130371
2840,2.89976134,419,2.97244824
2841,3.62628337,487,3.62211960
2842,3.45238095,42,3.52258938
2843,3.86956522,23,3.67230442
2844,3.18072289,83,3.33141521
2845,1.00000000,1,3.53094554
2846,3.36746988,166,3.41702881
2847,3.90909091,33,3.71178582
2848,3.95121951,41,3.74811234
2849,2.80000000,30,3.28847778
2850,2.71428571,7,3.47505654
2851,2.44360902,133,2.75452581
2852,3.73780488,164,3.70130011
2853,2.89285714,28,3.33433619
2854,2.36363636,11,3.36193808
2855,2.30000000,10,3.36797038
2856,2.77777778,90,3.06484445
2857,3.69674185,399,3.68391586
2858,4.31738623,3428,4.30680800
2859,4.23430962,239,4.12137793
2860,3.25781250,128,3.34875406
2861,3.15254237,354,3.20563916
2862,2.58426966,89,2.94300880
2863,3.88996139,518,3.86281377
2864,2.82142857,28,3.30869516
2865,3.05000000,20,3.42968890
2866,3.68844221,199,3.66698081
2867,3.43464052,306,3.45527591
2868,2.30158730,63,2.86794887
2869,2.66666667,3,3.52977779
2870,3.59067358,193,3.58879927
2871,3.94101509,729,3.91794380
2872,3.81266846,742,3.79807856
2873,2.68181818,22,3.30664198
2874,3.52238806,67,3.54767712
2875,3.25773196,291,3.30521473
2876,2.65116279,43,3.15137874
2877,3.01421801,211,3.12290507
2878,2.26470588,34,3.04855027
2879,3.46341463,164,3.49101973
2880,3.45833333,72,3.50883789
2881,3.20101781,786,3.22377778
2882,2.79661017,118,3.03022752
2883,3.54873646,277,3.55375603
2884,2.57142857,42,3.12041546
2885,3.36065574,61,3.46016417
2886,2.24242424,33,3.04913521
2887,2.25000000,4,3.48293005
2888,2.78151261,119,3.01821434
2889,3.43554007,287,3.45720541
2890,3.80705191,1021,3.79652495
2891,3.49189189,185,3.51097116
2892,2.50000000,12,3.37222940
2893,2.88095238,42,3.26171981
2894,2.62500000,32,3.20827101
2895,3.00000000,2,3.55919659
2896,3.32142857,28,3.48818234
2897,3.25000000,20,3.48683175
2898,2.74509804,102,3.02025146
2899,3.54700855,117,3.55735463
2900,2.68322981,161,2.89610532
2901,3.20303030,330,3.25283743
2902,2.42073171,164,2.69195431
2903,2.05102041,98,2.56809610
2904,3.76470588,17,3.62803317
2905,4.60869565,69,4.17712792
2906,2.32800000,250,2.53692741
2907,2.44600939,213,2.66189438
2908,4.01411765,850,3.99008691
2909,4.00000000,1,3.58976907
2910,3.58156445,0,3.58156445
2911,3.28571429,7,3.54523198
2912,3.67932489,474,3.66999661
2913,3.29411765,17,3.50863019
2914,2.18181818,11,3.32915119
2915,3.63967136,852,3.63645036
2916,3.68236473,1996,3.67990138
2917,4.03174603,504,3.99111593
2918,4.11744739,1473,4.09985438
2919,3.89514066,391,3.85958781
2920,4.19000000,100,3.98718815
2921,3.88328076,317,3.84217499
2922,3.74688797,241,3.71848186
2923,3.41176471,17,3.53848094
2924,3.90977444,133,3.82009958
2925,4.22807018,57,3.92596470
2926,3.35056180,445,3.37389540
2927,4.08080808,99,3.91327666
2928,3.33766234,77,3.43368679
2929,3.47441860,215,3.49463480
2930,4.40000000,5,3.65596768
2931,4.30000000,10,3.70130371
2932,3.95762712,118,3.84570371
2933,3.44444444,9,3.56064784
2934,2.40000000,5,3.47414950
2935,4.19310345,145,4.03629858
2936,4.09316770,161,3.97193470
2937,4.28846154,104,4.05894950
2938,3.74193548,31,3.64294102
2939,3.50000000,52,3.53998258
2940,4.00934579,107,3.87310970
2941,3.61428571,280,3.60932795
2942,3.09944751,362,3.15795685
2943,3.78125000,160,3.73370582
2944,4.00424328,707,3.97632526
2945,2.67857143,28,3.25741311
2946,3.77319588,291,3.74509743
2947,3.97101449,897,3.95045219
2948,3.88975357,771,3.87098444
2949,3.87461300,646,3.85356066
2950,2.33236994,346,2.49009652
2951,3.99425287,522,3.95817871
2952,3.74731183,186,3.71219586
2953,2.39296188,341,2.54495709
2954,3.58156445,0,3.58156445
2955,2.00000000,4,3.46441153
2956,3.13475177,141,3.25171844
2957,3.58156445,0,3.58156445
2958,3.58156445,0,3.58156445
2959,4.07718815,1451,4.06067836
2960,2.75000000,4,3.51996709
2961,2.81785714,280,2.93357037
2962,3.40000000,10,3.55130371
2963,3.70588235,17,3.61310780
2964,3.33333333,12,3.53351972
2965,2.02777778,72,2.66457560
2966,4.05594406,429,4.00642635
2967,3.74803150,127,3.70100691
2968,3.69405941,1010,3.68875304
2969,3.91208791,91,3.79488101
2970,3.95918367,98,3.83160961
2971,3.82334385,317,3.79040388
2972,4.01538462,65,3.82676715
2973,4.05000000,460,4.00407495
2974,1.83582090,67,2.58186515
2975,3.03603604,111,3.20545480
2976,3.07181329,557,3.11380267
2977,2.91111111,45,3.26398129
2978,2.84466019,103,3.08547858
2979,2.18918919,37,2.98940486
2980,3.58156445,0,3.58156445
2981,3.73333333,15,3.61658804
2982,2.10526316,38,2.94407071
2983,3.98765432,81,3.83265819
2984,3.44444444,9,3.56064784
2985,3.45158666,1229,3.45666788
2986,2.38133874,493,2.49185676
2987,3.67982212,1799,3.67716507
2988,3.63888889,108,3.62074824
2989,3.50117647,425,3.50963836
2990,3.20000000,385,3.24385798
2991,3.59241706,422,3.59126742
2992,2.48387097,31,3.16145954
2993,3.70544554,404,3.69180225
2994,3.50000000,10,3.56797038
2995,2.30791789,341,2.47078829
2996,3.42857143,133,3.47037280
2997,4.12539045,2241,4.11352170
2998,3.53846154,13,3.57267020
2999,4.00000000,4,3.61255968
3000,4.14782609,345,4.07614740
3001,1.66666667,6,3.37639683
3002,3.91428571,35,3.71856733
3003,3.25000000,8,3.53583143
3004,2.48015873,252,2.66251067
3005,3.37656250,640,3.39141771
3006,4.05882353,884,4.03327433
3007,4.01355932,295,3.95095137
3008,3.72549020,51,3.65423983
3009,3.58156445,0,3.58156445
3010,3.60000000,35,3.58915556
3011,3.61073826,149,3.60340815
3012,3.40000000,10,3.55130371
3013,2.89230769,65,3.19198454
3014,2.91836735,49,3.25331538
3015,3.37500000,144,3.42823826
3016,3.15883669,447,3.20136463
3017,2.52884615,104,2.87063781
3018,3.47580645,248,3.49355108
3019,3.92067308,416,3.88428803
3020,3.45229008,524,3.46355091
3021,2.86111111,36,3.27997933
3022,4.36893204,206,4.21514931
3023,3.58156445,0,3.58156445
3024,2.34782609,161,2.64018115
3025,3.28571429,14,3.51684723
3026,1.50000000,8,3.29445211
3027,1.14285714,7,3.28207408
3028,3.76258993,139,3.71469959
3029,3.27368421,190,3.33782593
3030,4.40465116,215,4.24935178
3031,2.15094340,53,2.84541964
3032,3.54017857,224,3.54773074
3033,3.28364850,899,3.29934481
3034,3.74344023,343,3.72284535
3035,4.14964371,421,4.08933805
3036,3.22988506,174,3.30838492
3037,4.04399323,591,4.00792234
3038,4.20270270,74,3.95224373
3039,3.82836710,839,3.81448619
3040,3.31111111,315,3.34815951
3041,1.69863014,73,2.46405059
3042,1.55384615,65,2.43546281
3043,1.72500000,40,2.75642470
3044,3.85591767,583,3.83424680
3045,3.09322034,118,3.23856085
3046,3.49411765,85,3.52650535
3047,3.55555556,18,3.57467974
3048,2.35211268,71,2.86015060
3049,3.24324324,37,3.43768072
3050,3.12500000,16,3.47088216
3051,2.95031056,161,3.09989679
3052,3.71284125,989,3.70652379
3053,3.01759531,341,3.08971412
3054,1.97794118,136,2.40902270
3055,3.39024390,82,3.46271381
3056,3.66666667,6,3.59068255
3057,4.00000000,2,3.59765813
3058,2.16666667,12,3.30771327
3059,3.58156445,0,3.58156445
3060,3.83154122,558,3.81098392
3061,3.88000000,275,3.83408684
3062,3.97159091,352,3.92308016
3063,2.71942446,139,2.94750382
3064,2.50000000,60,2.99162021
3065,4.00000000,1,3.58976907
3066,3.70103093,194,3.67655009
3067,3.89235127,353,3.85379212
3068,3.86543536,379,3.83235017
3069,3.81818182,55,3.70550688
3070,3.38788871,611,3.40253891
3071,3.76452599,327,3.74026054
3072,3.78716904,982,3.77720758
3073,3.24242424,33,3.44672557
3074,3.78828829,222,3.75028758
3075,3.98550725,69,3.81578338
3076,3.70967742,93,3.66488268
3077,4.22727273,88,3.99332045
3078,3.65161290,155,3.63452792
3079,3.88275862,145,3.80552935
3080,3.58156445,0,3.58156445
3081,3.51688555,1066,3.51978335
3082,3.37935035,862,3.39043665
3083,4.08629442,394,4.02945546
3084,3.50000000,2,3.57842736
3085,2.50000000,2,3.53996582
3086,3.58024691,81,3.58074979
3087,3.47868217,516,3.48777071
3088,4.08988764,356,4.02728626
3089,4.35714286,252,4.22873584
3090,4.14124294,177,4.01796574
3091,4.28368794,141,4.09988598
3092,4.00000000,20,3.70111747
3093,3.69711538,208,3.67472179
3094,3.85148515,101,3.76210743
3095,4.13435701,521,4.08595135
3096,3.95698925,93,3.82572184
3097,4.03883495,206,3.94952431
3098,3.83211679,548,3.81116760
3099,3.23809524,273,3.29126385
3100,3.75601926,623,3.74305828
3101,3.66957606,802,3.66441106
3102,3.64344262,244,3.63291912
3103,3.05882353,68,3.28032392
3104,3.85620915,765,3.83935978
3105,3.78088235,680,3.76723044
3106,3.24000000,25,3.46770964
3107,3.44073648,869,3.44839850
3108,3.62645503,945,3.62419922
3109,3.21875000,64,3.37787915
3110,3.39393939,33,3.50696654
3111,3.69953052,213,3.67710351
3112,3.37142857,70,3.45898519
3113,2.62943262,564,2.70696779
3114,4.21892744,1585,4.19943622
3115,3.16363636,110,3.29423889
3116,2.72727273,11,3.42751185
3117,3.30136986,73,3.41527010
3118,3.53030303,66,3.55239847
3119,1.66666667,3,3.47317401
3120,3.01538462,130,3.17265679
3121,3.55555556,18,3.57467974
3122,3.37931034,29,3.50731927
3123,1.00000000,3,3.43543816
3124,3.32352941,34,3.47712170
3125,3.51500000,200,3.52831289
3126,4.00000000,3,3.60524948
3127,3.23214286,56,3.39696436
3128,3.45098039,51,3.51562597
3129,3.70138889,288,3.68366338
3130,2.37288136,118,2.73260847
3131,3.50000000,2,3.57842736
3132,3.63157895,38,3.60316162
3133,3.71428571,42,3.64215459
3134,4.33939394,165,4.16315452
3135,3.94871795,195,3.87378866
3136,3.00000000,3,3.54864571
3137,3.81250000,16,3.63754883
3138,3.19696970,66,3.36274330
3139,3.17647059,17,3.47877944
3140,3.44444444,9,3.56064784
3141,3.04838710,62,3.28641270
3142,3.38461538,130,3.43932346
3143,3.69696970,33,3.62744847
3144,3.26530612,49,3.42503255
3145,3.35907336,259,3.39507515
3146,2.76298701,308,2.87731347
3147,4.15466448,1222,4.13213697
3148,3.95218003,711,3.92782946
3149,2.44444444,9,3.40810547
3150,3.68333333,60,3.63707475
3151,2.00000000,1,3.55055339
3152,3.97175141,354,3.92346095
3153,3.61627907,258,3.61064358
3154,3.50000000,8,3.57031418
3155,3.41441441,333,3.43623557
3156,2.90600522,383,2.98401437
3157,3.15000000,520,3.18785653
3158,3.63636364,44,3.60721513
3159,3.80573951,453,3.78345571
3160,3.89398023,1113,3.88054877
3161,3.47368421,19,3.55185830
3162,2.47619048,21,3.25462285
3163,3.70394737,304,3.68666165
3164,4.00000000,1,3.58976907
3165,2.62295082,61,3.05475876
3166,1.16666667,6,3.32282540
3167,3.63253012,166,3.62073251
3168,3.77113402,485,3.75341724
3169,3.51383399,253,3.52501064
3170,3.58156445,0,3.58156445
3171,3.92000000,25,3.69437630
3172,5.00000000,1,3.60937691
3173,3.12629400,483,3.16900229
3174,3.48512586,874,3.49034440
3175,3.77141204,1728,3.76607324
3176,3.50338092,1331,3.50621160
3177,2.60119048,168,2.82604689
3178,3.84872299,509,3.82482687
3179,3.41333333,225,3.44392081
3180,2.20000000,70,2.77565186
3181,3.71165644,163,3.68111842
3182,3.95967742,124,3.85102427
3183,3.62222222,45,3.60082340
3184,3.00000000,5,3.52869496
3185,3.41206030,398,3.43097818
3186,3.47795824,431,3.48872811
3187,3.00000000,3,3.54864571
3188,3.70370370,54,3.64498291
3189,3.64333333,300,3.63450921
3190,2.14906832,161,2.48852238
3191,3.58156445,0,3.58156445
3192,4.08333333,24,3.74430031
3193,3.58156445,0,3.58156445
3194,3.30454545,220,3.35584527
3195,3.58156445,0,3.58156445
3196,4.22842640,394,4.15558158
3197,3.30278884,251,3.34909709
3198,4.07384615,325,4.00820859
3199,3.34722222,72,3.44326412
3200,3.84883721,172,3.78864064
3201,3.95264624,359,3.90728172
3202,1.00000000,1,3.53094554
3203,3.67806841,497,3.66924721
3204,3.66176471,204,3.64597725
3205,2.25000000,4,3.48293005
3206,3.24812030,133,3.33922526
3207,3.20000000,5,3.54687678
3208,2.76136364,264,2.89196886
3209,1.00000000,1,3.53094554
3210,3.83747178,886,3.82380152
3211,3.51515152,66,3.54377778
3212,2.50000000,2,3.53996582
3213,3.56034483,232,3.56410717
3214,3.32989691,97,3.41549811
3215,3.18181818,11,3.50947906
3216,3.33333333,3,3.56751363
3217,3.35164835,91,3.43317888
3218,3.18750000,32,3.42778320
3219,3.25503356,447,3.28788375
3220,2.00000000,1,3.55055339
3221,3.41379310,29,3.51997750
3222,4.16666667,30,3.80097778
3223,3.41379310,29,3.51997750
3224,4.05194805,77,3.86675766
3225,2.68852459,122,2.94812920
3226,3.58156445,0,3.58156445
3227,3.58156445,0,3.58156445
3228,1.00000000,2,3.48227351
3229,4.00000000,1,3.58976907
3230,3.66666667,78,3.63342361
3231,3.58156445,0,3.58156445
3232,4.00000000,5,3.61960405
3233,5.00000000,2,3.63611967
3234,3.58156445,0,3.58156445
3235,3.00000000,71,3.24031589
3236,3.50000000,2,3.57842736
3237,1.00000000,1,3.53094554
3238,2.13483146,267,2.36302278
3239,2.37837838,37,3.06986463
3240,3.27272727,33,3.45877377
3241,3.66666667,57,3.62689928
3242,3.66666667,3,3.58638156
3243,2.50170648,293,2.65912018
3244,3.69565217,322,3.68031780
3245,4.80000000,5,3.69233132
3246,3.90315789,475,3.87252995
3247,3.16816817,666,3.19703662
3248,2.53960396,202,2.74634215
3249,3.13529412,340,3.19250826
3250,3.40163934,366,3.42326496
3251,3.38043478,276,3.41128289
3252,3.71351351,555,3.70260863
3253,3.60089286,1120,3.60006686
3254,2.88452656,433,2.95668369
3255,3.67970883,1099,3.67543797
3256,3.75000000,1052,3.74235773
3257,2.85942492,626,2.91283761
3258,2.75221239,339,2.85881291
3259,3.36972705,403,3.39310866
3260,3.72916667,480,3.71524193
3261,3.48251748,429,3.49285641
3262,2.96932515,163,3.11304330
3263,3.18890555,667,3.21628762
3264,3.09179688,512,3.13537050
3265,4.13761468,327,4.06386796
3266,3.65584416,154,3.63763835
3267,3.68737060,483,3.67744507
3268,1.78212291,179,2.17501407
3269,3.20335430,477,3.23923761
3270,3.28500000,200,3.34431289
3271,3.84756098,328,3.81237625
3272,3.20467836,171,3.28994671
3273,2.73310225,577,2.80076272
3274,3.10730594,438,3.15589800
3275,3.61956522,92,3.60618467
3276,2.65217391,46,3.13623149
3277,4.00000000,1,3.58976907
3278,3.58156445,0,3.58156445
3279,3.58156445,0,3.58156445
3280,5.00000000,1,3.60937691
3281,4.04081633,49,3.80887094
3282,3.70000000,10,3.60130371
3283,3.46666667,15,3.55504958
3284,3.73333333,45,3.65345498
3285,2.70212766,423,2.79509138
3286,2.21311475,122,2.61091990
3287,2.72868217,129,2.96691744
3288,3.00000000,4,3.53848560
3289,3.76923077,52,3.67723748
3290,3.00000000,1,3.57016123
3291,2.00000000,1,3.55055339
3292,3.83333333,6,3.60853969
3293,3.40000000,5,3.56505859
3294,2.50000000,2,3.53996582
3295,3.50000000,2,3.57842736
3296,3.79310345,203,3.75129732
3297,2.00000000,1,3.55055339
3298,3.45932203,590,3.46887222
3299,2.29545455,176,2.57999214
3300,3.30073801,542,3.32445646
3301,3.37873754,602,3.39429175
3302,3.33962264,53,3.45707012
3303,3.50000000,6,3.57282540
3304,3.57142857,56,3.57620965
3305,4.00000000,2,3.59765813
3306,3.95833333,24,3.70375977
3307,4.38745387,271,4.26192593
3308,3.19727891,294,3.25313437
3309,3.66666667,24,3.60916517
3310,3.79032258,62,3.69712699
3311,3.78787879,33,3.66359304
3312,1.00000000,1,3.53094554
3313,2.25000000,20,3.20111747
3314,3.25000000,4,3.55700412
3315,2.00000000,1,3.55055339
3316,2.76816609,289,2.88813635
3317,3.94959677,496,3.91589418
3318,3.47916667,48,3.53141044
3319,3.10714286,28,3.41125926
3320,3.51111111,45,3.54819182
3321,2.00000000,1,3.55055339
3322,2.75000000,4,3.51996709
3323,3.00000000,1,3.57016123
3324,2.76315789,190,2.93365926
3325,2.33125000,160,2.62894392
3326,2.85555556,180,3.01338358
3327,3.52985075,134,3.54390338
3328,3.84394904,314,3.80790721
3329,3.81481481,27,3.66335354
3330,3.75925926,108,3.70302673
3331,2.31428571,35,3.05974380
3332,3.58156445,0,3.58156445
3333,3.50000000,16,3.56179125
3334,4.08242950,461,4.03342118
3335,2.66666667,12,3.40448746
3336,3.00000000,2,3.55919659
3337,3.50000000,2,3.57842736
3338,4.44444444,27,3.88413276
3339,3.74418605,43,3.65675508
3340,2.80281690,71,3.12461341
3341,4.03954802,177,3.93867058
3342,3.85650224,223,3.80614734
3343,2.37500000,40,3.04531359
3344,2.60000000,20,3.30111747
3345,3.13043478,23,3.43942771
3346,2.80000000,5,3.51051314
3347,3.98113208,212,3.90487871
3348,3.58156445,0,3.58156445
3349,3.40000000,25,3.52104297
3350,3.97202797,143,3.87087162
3351,3.26666667,15,3.50889573
3352,2.66666667,3,3.52977779
3353,4.00000000,2,3.59765813
3354,2.59520807,793,2.65371082
3355,2.87583893,298,2.97723627
3356,3.58156445,0,3.58156445
3357,3.76699029,103,3.70639361
3358,3.68161435,446,3.67152867
3359,4.08076923,520,4.03697934
3360,3.91864407,590,3.89230972
3361,3.83744292,1095,3.82626919
3362,3.96993464,765,3.94610825
3363,4.02626263,990,4.00488291
3364,3.92715232,151,3.84118519
3365,4.08571429,245,4.00026516
3366,3.81132075,265,3.77485150
3367,3.37209302,43,3.48471207
3368,3.65079365,63,3.62016126
3369,3.58156445,0,3.58156445
3370,3.43023256,86,3.48586928
3371,3.70833333,48,3.64365533
3372,3.55357143,56,3.56677569
3373,2.66666667,3,3.52977779
3374,2.60000000,15,3.35504958
3375,3.33846154,65,3.44415846
3376,1.00000000,1,3.53094554
3377,3.50000000,2,3.57842736
3378,3.25000000,4,3.55700412
3379,3.94736842,95,3.82122912
3380,3.00000000,3,3.54864571
3381,3.50000000,2,3.57842736
3382,5.00000000,1,3.60937691
3383,3.58156445,0,3.58156445
3384,3.80072464,276,3.76711111
3385,2.55319149,141,2.82239907
3386,3.75529101,756,3.74451392
3387,2.72254335,173,2.91514898
3388,2.71812081,298,2.84217880
3389,2.71052632,38,3.20543435
3390,1.66666667,33,2.82021955
3391,2.28125000,96,2.72656317
3392,1.93630573,157,2.33371122
3393,2.13725490,51,2.85225963
3394,2.67142857,210,2.84645470
3395,2.83636364,55,3.19122117
3396,3.85618280,744,3.83888945
3397,3.73743017,358,3.71832898
3398,3.50439883,341,3.51426655
3399,3.12643678,87,3.29254177
3400,2.51724138,29,3.19086358
3401,2.10619469,113,2.55876210
3402,3.34782609,23,3.50792086
3403,2.78125000,32,3.26924662
3404,3.45205479,219,3.47612722
3405,3.87500000,144,3.79937228
3406,3.75238095,105,3.69727886
3407,1.66666667,3,3.47317401
3408,3.86387833,1315,3.85353716
3409,3.27233115,459,3.30270771
3410,4.33333333,9,3.69624106
3411,3.58156445,0,3.58156445
3412,3.37142857,175,3.41812543
3413,3.50000000,2,3.57842736
3414,3.26000000,50,3.42078223
3415,3.82608696,23,3.65860579
3416,3.94117647,51,3.76315072
3417,3.58904110,73,3.58600181
3418,3.68031052,1417,3.67694494
3419,3.15384615,13,3.49330512
3420,3.71356784,199,3.68706114
3421,4.05302403,1207,4.03427066
3422,3.40000000,210,3.43491624
3423,2.91891892,74,3.18611470
3424,3.88092190,781,3.86291002
3425,3.29113924,79,3.40370715
3426,3.19534884,215,3.26821971
3427,3.33783784,74,3.43611470
3428,2.94915254,59,3.23924975
3429,4.33576642,274,4.21937723
3430,3.34090909,220,3.38547490
3431,2.67058824,85,3.00798683
3432,2.26388889,72,2.80391986
3433,2.14583333,48,2.87834921
3434,2.26315789,38,3.01225253
3435,4.41560799,551,4.34622000
3436,2.78906250,128,3.01167541
3437,2.00000000,12,3.27545520
3438,2.67790262,534,2.75527093
3439,2.12749004,251,2.36903064
3440,1.92021277,188,2.26923623
3441,3.27578947,475,3.30491090
3442,2.30769231,39,3.02335082
3443,3.80000000,5,3.60142223
3444,3.22522523,222,3.29072876
3445,3.19424460,139,3.29671017
3446,3.41025641,39,3.50649688
3447,3.72222222,72,3.66457560
3448,3.73382625,1082,3.72710090
3449,2.97058824,34,3.33426456
3450,3.41532756,809,3.42500375
3451,3.92000000,350,3.87769556
3452,3.14199396,331,3.19968037
3453,2.48314607,89,2.87826059
3454,2.69767442,43,3.17288411
3455,3.58156445,0,3.58156445
3456,3.93846154,65,3.78328889
3457,2.99290780,141,3.14700640
3458,3.00000000,1,3.57016123
3459,2.77419355,62,3.13462699
3460,1.00000000,1,3.53094554
3461,3.66572238,353,3.65528095
3462,4.23606557,305,4.14388232
3463,1.80000000,10,3.28463704
3464,2.45000000,20,3.25826032
3465,2.77777778,18,3.36879739
3466,3.54794521,219,3.55419414
3467,4.02150538,279,3.95464505
3468,4.24000000,450,4.17415645
3469,4.27985075,268,4.17005730
3470,4.32608696,92,4.06393115
3471,4.01447278,1451,4.00005211
3472,1.75000000,4,3.44589301
3473,3.41666667,24,3.52808409
3474,3.18750000,16,3.48603368
3475,3.96268657,134,3.85912078
3476,3.57871064,667,3.57890966
3477,3.04428044,271,3.12796954
3478,3.33082707,266,3.37050070
3479,3.67343173,542,3.66567267
3480,3.62580645,155,3.61501572
3481,3.92862345,1373,3.91642883
3482,3.00000000,3,3.54864571
3483,3.01190476,168,3.14256065
3484,2.72847682,302,2.84965404
3485,1.50000000,2,3.50150428
3486,3.10000000,10,3.50130371
3487,3.72058824,68,3.66167985
3488,2.00000000,22,3.09830865
3489,3.01800554,722,3.05450547
3490,2.64705882,17,3.34445108
3491,2.93939394,66,3.21619157
3492,3.57142857,14,3.57934723
3493,1.00000000,2,3.48227351
3494,3.73750000,320,3.71642763
3495,3.75000000,12,3.61416488
3496,3.22033898,59,3.38603874
3497,3.05208333,96,3.23341248
3498,4.00677966,295,3.94515427
3499,3.82579186,884,3.81271758
3500,2.71186441,177,2.90342829
3501,3.54646840,269,3.55196935
3502,3.51136364,88,3.53679871
3503,3.45454545,143,3.48745193
3504,4.02034884,688,3.99062090
3505,3.87323944,355,3.83723018
3506,3.36526946,167,3.41510702
3507,4.03341902,389,3.98195495
3508,4.04383562,365,3.98814030
3509,2.84782609,92,3.10618467
3510,3.75883069,821,3.74865468
3511,2.59090909,66,3.01791571
3512,3.68061674,454,3.67079012
3513,3.34761905,420,3.37250686
3514,3.16129032,62,3.34891270
3515,3.18750000,192,3.26891828
3516,3.76651982,227,3.73313438
3517,4.50000000,2,3.61688890
3518,2.87037037,54,3.21229060
3519,3.34673367,199,3.39388844
3520,2.56250000,32,3.18388076
3521,3.87765957,188,3.81545472
3522,4.00000000,3,3.60524948
3523,3.12500000,8,3.51859005
3524,3.42696629,534,3.44020244
3525,3.13888889,360,3.19287371
3526,3.76942047,811,3.75851129
3527,3.65381650,1297,3.65113454
3528,3.15576324,321,3.21314885
3529,3.47096774,155,3.49794255
3530,4.00000000,1,3.58976907
3531,3.03703704,27,3.39062627
3532,3.76190476,21,3.63490454
3533,3.28571429,7,3.54523198
3534,3.06534653,505,3.11185265
3535,3.21904762,630,3.24570327
3536,3.74846626,489,3.73298372
3537,3.32352941,34,3.47712170
3538,3.66477273,176,3.64636382
3539,3.84615385,39,3.69750812
3540,2.75000000,28,3.28305414
3541,3.58156445,0,3.58156445
3542,3.00000000,2,3.55919659
3543,3.92252682,839,3.90335008
3544,2.91752577,97,3.14338927
3545,3.90293454,443,3.87034122
3546,3.72197309,223,3.69625723
3547,3.79220779,77,3.70927734
3548,3.83576642,274,3.79653772
3549,3.79230769,260,3.75831685
3550,3.43125000,160,3.46703916
3551,3.93000000,400,3.89128494
3552,3.84694933,967,3.83390189
3553,2.76829268,82,3.07635017
3554,3.45378151,119,3.49158712
3555,3.53964758,908,3.54183531
3556,3.63109756,328,3.62454556
3557,2.89655172,116,3.10288086
3558,3.58156445,0,3.58156445
3559,3.66666667,30,3.61347778
3560,3.58156445,0,3.58156445
3561,3.58156445,0,3.58156445
3562,3.03846154,26,3.39576609
3563,1.92307692,13,3.23933687
3564,1.80468750,128,2.30381024
3565,3.26714801,277,3.31522392
3566,3.37171053,304,3.40135091
3567,3.40000000,35,3.50680262
3568,3.26923077,26,3.47471346
3569,3.35135135,37,3.48365773
3570,3.90000000,10,3.63463704
3571,3.37795276,127,3.43547018
3572,1.72727273,77,2.45730884
3573,1.46153846,26,2.85629240
3574,1.05882353,17,2.94146601
3575,3.33333333,3,3.56751363
3576,3.68309859,284,3.66789887
3577,2.65000000,60,3.07343839
3578,4.10602911,1924,4.09274479
3579,2.48529412,68,2.94981545
3580,3.06896552,29,3.39339522
3581,2.78571429,14,3.40747223
3582,3.58156445,0,3.58156445
3583,3.58156445,0,3.58156445
3584,2.76744186,129,2.99485041
3585,3.84210526,19,3.65330757
3586,3.39285714,28,3.51382337
3587,3.00000000,30,3.36347778
3588,3.33333333,48,3.45998186
3589,3.58156445,0,3.58156445
3590,2.85882353,85,3.12650535
3591,3.40764331,628,3.42046935
3592,2.50000000,8,3.43238315
3593,1.61111111,342,1.86244445
3594,3.30219780,182,3.36240613
3595,3.00000000,4,3.53848560
3596,2.53333333,60,3.00980202
3597,2.72972973,37,3.21928992
3598,3.45810056,179,3.48505774
3599,3.63106796,103,3.61489034
3600,2.82644628,121,3.04724107
3601,4.00000000,2,3.59765813
3602,2.97959184,49,3.28361841
3603,3.33333333,3,3.56751363
3604,3.69672131,122,3.66324548
3605,3.09803922,51,3.33740815
3606,3.94082840,169,3.85880467
3607,5.00000000,1,3.60937691
3608,3.40534262,861,3.41501451
3609,4.00000000,4,3.61255968
3610,2.52941176,34,3.15569313
3611,3.06666667,15,3.46274189
3612,3.63333333,30,3.60097778
3613,3.75531915,94,3.69498766
3614,3.21955720,542,3.25013213
3615,3.21739130,345,3.26348917
3616,2.45652174,138,2.75573523
3617,3.26730310,419,3.30080644
3618,3.37127371,369,3.39636807
3619,3.26086957,92,3.37379030
3620,3.00000000,50,3.29078223
3621,1.66666667,3,3.47317401
3622,3.83333333,84,3.73938972
3623,3.19573496,1313,3.20988864
3624,3.65486726,791,3.65050918
3625,3.81250000,16,3.63754883
3626,2.46938776,49,3.03109316
3627,3.47663551,107,3.51005237
3628,3.41584158,101,3.47071671
3629,4.18909091,275,4.09562530
3630,3.58156445,0,3.58156445
3631,2.66666667,3,3.52977779
3632,3.60000000,40,3.58975803
3633,3.46175637,353,3.47662090
3634,4.25454545,165,4.09803824
3635,3.60574949,487,3.60349762
3636,2.77777778,9,3.45895293
3637,3.95000000,20,3.68683175
3638,3.19171779,652,3.21948465
3639,3.62906725,461,3.62441922
3640,3.41666667,12,3.54964875
3641,2.75000000,8,3.46686591
3642,3.07692308,13,3.47743211
3643,3.43564356,101,3.48396174
3644,3.35294118,17,3.52355556
3645,3.61111111,18,3.58938563
3646,2.44444444,180,2.69164445
3647,4.00000000,1,3.58976907
3648,2.66666667,9,3.44200377
3649,3.16949153,295,3.22921224
3650,3.58156445,0,3.58156445
3651,1.00000000,2,3.48227351
3652,3.00000000,5,3.52869496
3653,3.79194631,149,3.73908655
3654,3.96414343,502,3.92948953
3655,3.78000000,50,3.68078223
3656,5.00000000,1,3.60937691
3657,3.66666667,6,3.59068255
3658,3.65217391,69,3.62250607
3659,3.21052632,38,3.42134344
3660,2.85987261,157,3.03419431
3661,2.20731707,82,2.72786532
3662,2.09782609,92,2.62026917
3663,1.86206897,58,2.65813169
3664,1.68518519,54,2.59690599
3665,1.73076923,26,2.94839767
3666,1.66666667,6,3.37639683
3667,1.91428571,35,2.89503791
3668,3.91573034,356,3.87457690
3669,2.38028169,71,2.87667953
3670,3.66666667,21,3.60673553
3671,4.04736372,1119,4.02744074
3672,2.96794872,156,3.11688458
3673,2.32258065,31,3.09973114
3674,2.59574468,47,3.10389920
3675,3.82656827,271,3.78840568
3676,3.46733668,199,3.49027399
3677,3.88888889,45,3.72713919
3678,3.75555556,90,3.69341588
3679,4.27419355,62,3.96498413
3680,3.93617021,47,3.75338374
3681,3.91692308,325,3.87220859
3682,3.69047619,210,3.66953163
3683,4.21815287,628,4.17120682
3684,3.37430168,358,3.39970153
3685,3.59266055,545,3.59172811
3686,3.25423729,413,3.28958579
3687,2.00000000,2,3.52073505
3688,2.73451327,339,2.84338875
3689,2.04255319,141,2.44543572
3690,2.04098361,122,2.48882688
3691,2.57142857,42,3.12041546
3692,2.29310345,58,2.88961317
3693,2.69780220,182,2.88826820
3694,1.85483871,62,2.62569842
3695,1.81132075,53,2.67066236
3696,2.55384615,65,3.00068020
3697,2.86780715,643,2.91930479
3698,3.19863014,730,3.22317721
3699,3.46127168,865,3.46784505
3700,3.58536585,246,3.58472373
3701,3.22420635,504,3.25645889
3702,3.66416510,1066,3.66046436
3703,3.67408124,1034,3.66981386
3704,3.16620499,722,3.19310651
3705,2.58421053,380,2.70018191
3706,3.40401786,448,3.42184382
3707,3.08438819,237,3.17100426
3708,2.98127341,267,3.07595654
3709,2.38938053,113,2.75508112
3710,2.25405405,185,2.53650308
3711,3.21212121,33,3.43467738
3712,3.23013699,365,3.27247764
3713,3.74117647,85,3.68206091
3714,3.13636364,66,3.32826054
3715,2.45454545,88,2.86288567
3716,2.37313433,67,2.88955746
3717,2.97431507,584,3.02220540
3718,3.31147541,61,3.43313714
3719,3.02222222,45,3.31661287
3720,3.66666667,87,3.63560746
3721,2.58333333,24,3.25781382
3722,2.00000000,1,3.55055339
3723,3.72862454,269,3.70557437
3724,3.71794872,195,3.69011519
3725,3.07142857,112,3.22887792
3726,3.57142857,98,3.57485286
3727,3.70945946,148,3.67716274
3728,3.95945946,148,3.86403143
3729,3.41441441,222,3.44514052
3730,4.24944812,453,4.18305810
3731,3.39534884,43,3.49546476
3732,2.98591549,71,3.23205143
3733,3.83737024,289,3.79964077
3734,3.49122807,57,3.53344133
3735,3.98181818,495,3.94509766
3736,3.79487179,39,3.67503621
3737,4.00000000,50,3.79078223
3738,3.45454545,77,3.50455293
3739,3.97500000,40,3.75642470
3740,3.41438356,584,3.42756817
3741,4.07883817,241,3.99339595
3742,3.97008547,234,3.90168388
3743,2.59740260,77,2.98486789
3744,3.24228029,421,3.27829771
3745,3.38130841,535,3.39842431
3746,3.85507246,69,3.74015313
3747,3.75000000,148,3.70746577
3748,3.00000000,2,3.55919659
3749,3.13636364,22,3.44553087
3750,3.58156445,0,3.58156445
3751,3.87960873,1329,3.86880219
3752,3.00000000,560,3.04766922
3753,3.74516129,1240,3.73882033
3754,2.49514563,206,2.70733681
3755,3.35143139,1013,3.36225609
3756,3.50000000,24,3.55511112
3757,2.82352941,17,3.38922720
3758,2.75833333,120,3.00046013
3759,3.25714286,35,3.44797909
3760,3.48196721,305,3.49599499
3761,2.96428571,28,3.35997721
3762,1.33333333,3,3.45430609
3763,3.57061341,701,3.57134251
3764,2.64081633,245,2.80026516
3765,2.84782609,46,3.22998149
3766,2.53926702,191,2.75551130
3767,2.08653846,104,2.57193651
3768,2.16049383,81,2.70288720
3769,3.38421053,190,3.42532593
3770,3.47041420,338,3.48473769
3771,3.39735099,151,3.44317524
3772,1.66666667,3,3.47317401
3773,2.81871345,171,2.99130417
3774,1.96875000,64,2.67612476
3775,3.25000000,20,3.48683175
3776,3.33333333,24,3.50105706
3777,2.18181818,11,3.32915119
3778,2.83333333,6,3.50139683
3779,3.00000000,1,3.57016123
3780,3.09756098,41,3.36349695
3781,2.58620690,29,3.21618003
3782,2.72727273,44,3.18168322
3783,4.02978723,235,3.95115166
3784,3.23636364,165,3.31664290
3785,3.01141925,613,3.05441663
3786,3.25000000,184,3.32084711
3787,3.85714286,63,3.73520551
3788,3.80894309,246,3.77053454
3789,4.19871795,156,4.04892341
3790,3.37254902,51,3.47602201
3791,3.06666667,435,3.11974891
3792,3.55555556,72,3.56621494
3793,3.82064858,1511,3.81299053
3794,3.28099174,121,3.36887850
3795,3.40909091,66,3.48343295
3796,3.38461538,13,3.54092417
3797,2.20689655,29,3.07693953
3798,3.33477322,463,3.35882694
3799,1.62000000,100,2.27385482
3800,2.33333333,3,3.51090986
3801,4.23115578,199,4.10071575
3802,2.41776316,304,2.58214187
3803,3.55555556,9,3.57759699
3804,2.53488372,43,3.09761530
3805,2.79411765,34,3.26283598
3806,3.25862069,58,3.40813169
3807,3.27358491,106,3.37229630
3808,4.02272727,44,3.78806620
3809,3.39779682,817,3.40839472
3810,3.13253012,83,3.30134002
3811,4.10277778,360,4.03921518
3812,3.55789474,285,3.56142753
3813,3.28915663,83,3.39908438
3814,4.02283105,219,3.94081124
3816,3.76315789,38,3.65997980
3817,3.18750000,16,3.48603368
3818,2.42857143,7,3.43996882
3819,4.02448980,245,3.94941770
3820,1.81081081,37,2.82848532
3821,2.64112903,248,2.79892021
3822,3.75714286,70,3.68398519
3823,3.59090909,66,3.58688123
3824,2.12820513,117,2.56334265
3825,2.76119403,201,2.92461443
3826,2.53827160,405,2.65291917
3827,3.38284519,478,3.40166330
3828,2.50000000,2,3.53996582
3829,3.58156445,0,3.58156445
3830,2.88000000,25,3.34770964
3831,3.72043011,186,3.69100942
3832,3.28571429,21,3.49405947
3833,2.53571429,56,3.02903984
3834,2.82386364,176,2.99149656
3835,2.70786517,178,2.89946589
3836,3.90933333,375,3.87077229
3837,2.88764045,89,3.13725340
3838,2.61904762,42,3.14215459
3839,2.63829787,47,3.12451776
3840,2.54464286,112,2.86468039
3841,2.75490196,306,2.87100624
3842,3.00000000,1,3.57016123
3843,2.63333333,30,3.22597778
3844,3.59313725,408,3.59187385
3845,3.39285714,28,3.51382337
3846,3.14492754,138,3.26105438
3847,2.96000000,25,3.37437630
3848,3.10000000,20,3.44397461
3849,4.04651163,43,3.79654003
3850,2.92307692,13,3.44568607
3851,3.95000000,40,3.74531359
3852,3.69711538,208,3.67472179
3853,3.53846154,13,3.57267020
3854,3.65000000,20,3.60111747
3855,3.66666667,39,3.61885643
3856,3.58156445,0,3.58156445
3857,2.66666667,60,3.08252930
3858,3.15942029,69,3.33679179
3859,3.87804878,82,3.76574411
3860,3.18750000,16,3.48603368
3861,3.10373444,241,3.18583582
3862,3.10000000,20,3.44397461
3863,3.26139818,658,3.28400879
3864,2.69230769,143,2.92268509
3865,3.23129252,147,3.32019402
3866,3.16666667,6,3.53711112
3867,3.33333333,12,3.53351972
3868,3.68063584,692,3.67395987
3869,3.08816705,431,3.13945576
3870,3.85714286,49,3.71796184
3871,3.83934426,305,3.80303725
3872,3.83333333,102,3.75051462
3873,3.66785714,280,3.65478249
3874,3.00000000,24,3.39294895
3875,2.80000000,5,3.51051314
3876,2.00000000,4,3.46441153
3877,2.02197802,182,2.35809579
3878,2.83333333,12,3.43674553
3879,2.78472222,144,2.99009393
3880,3.50000000,18,3.55997386
3881,5.00000000,1,3.60937691
3882,3.27350427,234,3.32774022
3883,2.73333333,15,3.38581881
3884,2.37500000,40,3.04531359
3885,3.11538462,26,3.42208188
3886,3.00000000,40,3.32309136
3887,3.00000000,4,3.53848560
3888,4.50000000,2,3.61688890
3889,2.41481481,135,2.73015255
3890,3.00000000,1,3.57016123
3891,1.71428571,7,3.35224952
3892,2.70000000,10,3.43463704
3893,3.50268336,559,3.50915964
3894,3.19047619,21,3.46589046
3895,2.34042553,94,2.77137655
3896,3.31843575,179,3.37588744
3897,4.22635815,994,4.19547722
3898,2.73333333,45,3.17977076
3899,1.66666667,3,3.47317401
3900,2.78787879,33,3.26600268
3901,2.65094340,106,2.94921938
3902,3.12500000,24,3.43348950
3903,3.50000000,52,3.53998258
3904,1.00000000,1,3.53094554
3905,3.87500000,8,3.62203832
3906,3.15625000,32,3.41558808
3907,3.58156445,0,3.58156445
3908,2.18478261,92,2.67660720
3909,2.68115942,69,3.05948086
3910,3.82000000,200,3.77231289
3911,4.07305936,657,4.03830017
3912,2.30000000,40,3.01198025
3913,2.90625000,32,3.31802711
3914,3.32857143,70,3.43398519
3915,3.51181102,127,3.53151538
3916,3.92448513,437,3.88927766
3917,3.11111111,279,3.18260858
3918,2.80239521,167,2.98192729
3919,2.22988506,87,2.72319871
3920,3.71212121,66,3.65584675
3921,2.63829787,47,3.12451776
3922,2.58974359,39,3.14694632
3923,2.57692308,104,2.90310534
3924,2.92307692,26,3.35629240
3925,3.85483871,124,3.77631162
3926,3.36111111,180,3.40903575
3927,3.58045977,348,3.58059855
3928,3.44174757,206,3.46905556
3929,3.99319728,147,3.88872194
3930,3.25560538,223,3.31530484
3931,2.03703704,27,3.03997692
3932,3.75000000,232,3.72013554
3933,2.25000000,16,3.25876095
3934,3.03571429,28,3.38561824
3935,3.00000000,23,3.39833182
3936,3.72321429,112,3.67949520
3937,2.94074074,135,3.11393634
3938,1.92592593,27,3.00101588
3939,1.96153846,26,3.02734503
3940,1.73333333,15,3.15504958
3941,2.04545455,22,3.11219754
3942,1.78571429,28,2.93690029
3943,3.05208333,96,3.23341248
3944,2.11111111,9,3.35725801
3945,1.48837209,43,2.61374433
3946,2.26000000,100,2.70052148
3947,3.47272727,55,3.52455450
3948,3.63573086,862,3.63276121
3949,4.11513158,304,4.03976899
3950,3.66666667,54,3.62575214
3951,3.90000000,40,3.72309136
3952,3.78092784,388,3.75816946
